,ModelDomainLabel,ModelLabel,FromClass,ToClass,Relationship,FromAttribute,ToAttribute
0,IBM MDM,IBM MDM Physical Datamodel v11.3_extract_1,ADDRESSGROUP,ADDRESS,ADDRESSGROUP --> ADDRESS,ADDRESS_ID,ADDRESS_ID
1,IBM MDM,IBM MDM Physical Datamodel v11.3_extract_1,CONTACTCDC,ADDRESS,CONTACTCDC --> ADDRESS,ADDRESS_ID,ADDRESS_ID
2,IBM MDM,IBM MDM Physical Datamodel v11.3_extract_1,CONTACTMETHOD,ADDRESS,CONTACTMETHOD --> ADDRESS,ADDRESS_ID,ADDRESS_ID
3,IBM MDM,IBM MDM Physical Datamodel v11.3_extract_1,PROPERTY,ADDRESS,PROPERTY --> ADDRESS,ADDRESS_ID,ADDRESS_ID
4,IBM MDM,IBM MDM Physical Datamodel v11.3_extract_1,CONTACTMETHODGROUP,ADDRESSGROUP,CONTACTMETHODGROUP --> ADDRESSGROUP,LOCATION_GROUP_ID,LOCATION_GROUP_ID
5,IBM MDM,IBM MDM Physical Datamodel v11.3_extract_1,LOCATIONGROUP,ADDRESSGROUP,LOCATIONGROUP --> ADDRESSGROUP,LOCATION_GROUP_ID,LOCATION_GROUP_ID
6,IBM MDM,IBM MDM Physical Datamodel v11.3_extract_1,ROLELOCATION,ADDRESSGROUP,ROLELOCATION --> ADDRESSGROUP,LOCATION_GROUP_ID,LOCATION_GROUP_ID
7,IBM MDM,IBM MDM Physical Datamodel v11.3_extract_1,BILLINGSUMMARY,BANKACCOUNT,BILLINGSUMMARY --> BANKACCOUNT,PAYMENT_SOURCE_ID,PAYMENT_SOURCE_ID
8,IBM MDM,IBM MDM Physical Datamodel v11.3_extract_1,CHARGECARD,BANKACCOUNT,CHARGECARD --> BANKACCOUNT,PAYMENT_SOURCE_ID,PAYMENT_SOURCE_ID
9,IBM MDM,IBM MDM Physical Datamodel v11.3_extract_1,PAYMENTSOURCE,BANKACCOUNT,PAYMENTSOURCE --> BANKACCOUNT,PAYMENT_SOURCE_ID,PAYMENT_SOURCE_ID
10,IBM MDM,IBM MDM Physical Datamodel v11.3_extract_1,PAYROLLDEDUCTION,BANKACCOUNT,PAYROLLDEDUCTION --> BANKACCOUNT,PAYMENT_SOURCE_ID,PAYMENT_SOURCE_ID
11,IBM MDM,IBM MDM Physical Datamodel v11.3_extract_1,CAMPAIGNASSOCIAT,CAMPAIGN,CAMPAIGNASSOCIAT --> CAMPAIGN,CAMPAIGN_ID,CAMPAIGN_ID
12,IBM MDM,IBM MDM Physical Datamodel v11.3_extract_1,CATEGORYNLS,CATEGORY,CATEGORYNLS --> CATEGORY,CATEGORY_ID,CATEGORY_ID
13,IBM MDM,IBM MDM Physical Datamodel v11.3_extract_1,CATEQUIV,CATEGORY,CATEQUIV --> CATEGORY,CATEGORY_ID,CATEGORY_ID
14,IBM MDM,IBM MDM Physical Datamodel v11.3_extract_1,PRODUCTCATEGORYASSOC,CATEGORY,PRODUCTCATEGORYASSOC --> CATEGORY,CATEGORY_ID,CATEGORY_ID
15,IBM MDM,IBM MDM Physical Datamodel v11.3_extract_1,CATEGORY,CATHIERARCHY,CATEGORY --> CATHIERARCHY,CAT_HIERARCHY_ID,CAT_HIERARCHY_ID
16,IBM MDM,IBM MDM Physical Datamodel v11.3_extract_1,CATHIERARCHYNLS,CATHIERARCHY,CATHIERARCHYNLS --> CATHIERARCHY,CAT_HIERARCHY_ID,CAT_HIERARCHY_ID
17,IBM MDM,IBM MDM Physical Datamodel v11.3_extract_1,CONTACT,CDACCETOCOMPTP,CONTACT --> CDACCETOCOMPTP,ACCE_COMP_TP_CD,ACCE_COMP_TP_CD
18,IBM MDM,IBM MDM Physical Datamodel v11.3_extract_1,FINANCIALPRODUCT,CDACCOUNTREQUIREDTP,FINANCIALPRODUCT --> CDACCOUNTREQUIREDTP,ACCOUNT_REQUIRED_TP_CD,ACCOUNT_REQUIRED_TP_CD
19,IBM MDM,IBM MDM Physical Datamodel v11.3_extract_1,BANKACCOUNT,CDACCOUNTTP,BANKACCOUNT --> CDACCOUNTTP,ACCT_TP_CD,ACCT_TP_CD
20,IBM MDM,IBM MDM Physical Datamodel v11.3_extract_1,SUSPECT,CDACTIONADJREASTP,SUSPECT --> CDACTIONADJREASTP,ADJ_ACTION_TP_CD,ADJ_ACTION_TP_CD
21,IBM MDM,IBM MDM Physical Datamodel v11.3_extract_1,SUSPECTAUGMENT,CDACTIONADJREASTP,SUSPECTAUGMENT --> CDACTIONADJREASTP,ADJ_ACTION_TP_CD,ADJ_ACTION_TP_CD
22,IBM MDM,IBM MDM Physical Datamodel v11.3_extract_1,ADDRESSGROUP,CDADDRUSAGETP,ADDRESSGROUP --> CDADDRUSAGETP,ADDR_USAGE_TP_CD,ADDR_USAGE_TP_CD
23,IBM MDM,IBM MDM Physical Datamodel v11.3_extract_1,NATIVEKEY,CDADMINFLDNMTP,NATIVEKEY --> CDADMINFLDNMTP,ADMIN_FLD_NM_TP_CD,ADMIN_FLD_NM_TP_CD
24,IBM MDM,IBM MDM Physical Datamodel v11.3_extract_1,CATEQUIV,CDADMINSYSTP,CATEQUIV --> CDADMINSYSTP,ADMIN_SYS_TP_CD,ADMIN_SYS_TP_CD
25,IBM MDM,IBM MDM Physical Datamodel v11.3_extract_1,CDADMINFLDNMTP,CDADMINSYSTP,CDADMINFLDNMTP --> CDADMINSYSTP,ADMIN_SYS_TP_CD,ADMIN_SYS_TP_CD
26,IBM MDM,IBM MDM Physical Datamodel v11.3_extract_1,CONTEQUIV,CDADMINSYSTP,CONTEQUIV --> CDADMINSYSTP,ADMIN_SYS_TP_CD,ADMIN_SYS_TP_CD
27,IBM MDM,IBM MDM Physical Datamodel v11.3_extract_1,CONTRACT,CDADMINSYSTP,CONTRACT --> CDADMINSYSTP,ADMIN_SYS_TP_CD,ADMIN_SYS_TP_CD
28,IBM MDM,IBM MDM Physical Datamodel v11.3_extract_1,PRODUCTEQUIV,CDADMINSYSTP,PRODUCTEQUIV --> CDADMINSYSTP,ADMIN_SYS_TP_CD,ADMIN_SYS_TP_CD
29,IBM MDM,IBM MDM Physical Datamodel v11.3_extract_1,PRODUCTPARTYROLE,CDADMINSYSTP,PRODUCTPARTYROLE --> CDADMINSYSTP,ADMIN_SYS_TP_CD,ADMIN_SYS_TP_CD
30,IBM MDM,IBM MDM Physical Datamodel v11.3_extract_1,PERSON,CDAGEVERDOCTP,PERSON --> CDAGEVERDOCTP,AGE_VER_DOC_TP_CD,AGE_VER_DOC_TP_CD
31,IBM MDM,IBM MDM Physical Datamodel v11.3_extract_1,CONTRACT,CDAGREEMENTSTTP,CONTRACT --> CDAGREEMENTSTTP,AGREEMENT_ST_TP_CD,AGREEMENT_ST_TP_CD
32,IBM MDM,IBM MDM Physical Datamodel v11.3_extract_1,CONTRACT,CDAGREEMENTTP,CONTRACT --> CDAGREEMENTTP,AGREEMENT_TP_CD,AGREEMENT_TP_CD
33,IBM MDM,IBM MDM Physical Datamodel v11.3_extract_1,CONTRACTROLE,CDARRANGEMENTTP,CONTRACTROLE --> CDARRANGEMENTTP,ARRANGEMENT_TP_CD,ARRANGEMENT_TP_CD
34,IBM MDM,IBM MDM Physical Datamodel v11.3_extract_1,ROLESITUATION,CDARRANGEMENTTP,ROLESITUATION --> CDARRANGEMENTTP,ARRANGEMENT_TP_CD,ARRANGEMENT_TP_CD
35,IBM MDM,IBM MDM Physical Datamodel v11.3_extract_1,PRODUCT,CDAVAILABILITYTP,PRODUCT --> CDAVAILABILITYTP,AVAILABILITY_TP_CD,AVAILABILITY_TP_CD
36,IBM MDM,IBM MDM Physical Datamodel v11.3_extract_1,BILLINGSUMMARY,CDBILLINGSTTP,BILLINGSUMMARY --> CDBILLINGSTTP,BILLING_ST_TP_CD,BILLING_ST_TP_CD
37,IBM MDM,IBM MDM Physical Datamodel v11.3_extract_1,CONTRACT,CDBILLTP,CONTRACT --> CDBILLTP,BILL_TP_CD,BILL_TP_CD
38,IBM MDM,IBM MDM Physical Datamodel v11.3_extract_1,ORG,CDBUYSELLAGREETP,ORG --> CDBUYSELLAGREETP,BUY_SELL_AGR_TP_CD,BUY_SELL_AGR_TP_CD
39,IBM MDM,IBM MDM Physical Datamodel v11.3_extract_1,CAMPAIGN,CDCAMPAIGNTP,CAMPAIGN --> CDCAMPAIGNTP,CAMPAIGN_TP_CD,CAMPAIGN_TP_CD
40,IBM MDM,IBM MDM Physical Datamodel v11.3_extract_1,CONTACTCDC,CDCDCREJREASONTP,CONTACTCDC --> CDCDCREJREASONTP,REJ_REASON_TP_CD,REJ_REASON_TP_CD
41,IBM MDM,IBM MDM Physical Datamodel v11.3_extract_1,CONTACTCDC,CDCDCSTTP,CONTACTCDC --> CDCDCSTTP,CDC_ST_TP_CD,CDC_ST_TP_CD
42,IBM MDM,IBM MDM Physical Datamodel v11.3_extract_1,CHARGECARD,CDCHARGECARDTP,CHARGECARD --> CDCHARGECARDTP,CHARGE_CARD_TP_CD,CHARGE_CARD_TP_CD
43,IBM MDM,IBM MDM Physical Datamodel v11.3_extract_1,CLAIMROLE,CDCLAIMROLETP,CLAIMROLE --> CDCLAIMROLETP,CLAIM_ROLE_TP_CD,CLAIM_ROLE_TP_CD
44,IBM MDM,IBM MDM Physical Datamodel v11.3_extract_1,CLAIM,CDCLAIMSTATUSTP,CLAIM --> CDCLAIMSTATUSTP,CLAIM_STATUS_TP_CD,CLAIM_STATUS_TP_CD
45,IBM MDM,IBM MDM Physical Datamodel v11.3_extract_1,CLAIM,CDCLAIMTP,CLAIM --> CDCLAIMTP,CLAIM_TP_CD,CLAIM_TP_CD
46,IBM MDM,IBM MDM Physical Datamodel v11.3_extract_1,CONTACT,CDCLIENTIMPTP,CONTACT --> CDCLIENTIMPTP,CLIENT_IMP_TP_CD,CLIENT_IMP_TP_CD
47,IBM MDM,IBM MDM Physical Datamodel v11.3_extract_1,CONTACT,CDCLIENTPOTENTP,CONTACT --> CDCLIENTPOTENTP,CLIENT_POTEN_TP_CD,CLIENT_POTEN_TP_CD
48,IBM MDM,IBM MDM Physical Datamodel v11.3_extract_1,CONTACT,CDCLIENTSTTP,CONTACT --> CDCLIENTSTTP,CLIENT_ST_TP_CD,CLIENT_ST_TP_CD
49,IBM MDM,IBM MDM Physical Datamodel v11.3_extract_1,CONDITIONATTRIBUTE,CDCONDITIONATTRIBUTETP,CONDITIONATTRIBUTE --> CDCONDITIONATTRIBUTETP,CONDITION_ATTR_TP_CD,CONDITION_ATTR_TP_CD
50,IBM MDM,IBM MDM Physical Datamodel v11.3_extract_1,TERMCONDITION,CDCONDITIONOWNERTP,TERMCONDITION --> CDCONDITIONOWNERTP,CONDITION_OWNER_TP_CD,CONDITION_OWNER_TP_CD
51,IBM MDM,IBM MDM Physical Datamodel v11.3_extract_1,CDCONDITIONATTRIBUTETP,CDCONDITIONUSAGETP,CDCONDITIONATTRIBUTETP --> CDCONDITIONUSAGETP,CONDITION_USAGE_TP_CD,CONDITION_USAGE_TP_CD
52,IBM MDM,IBM MDM Physical Datamodel v11.3_extract_1,TERMCONDITION,CDCONDITIONUSAGETP,TERMCONDITION --> CDCONDITIONUSAGETP,CONDITION_USAGE_TP_CD,CONDITION_USAGE_TP_CD
53,IBM MDM,IBM MDM Physical Datamodel v11.3_extract_1,CDCONTMETHTP,CDCONTMETHCAT,CDCONTMETHTP --> CDCONTMETHCAT,CONT_METH_CAT_CD,CONT_METH_CAT_CD
54,IBM MDM,IBM MDM Physical Datamodel v11.3_extract_1,CONTACTCDC,CDCONTMETHCAT,CONTACTCDC --> CDCONTMETHCAT,CONT_METH_CAT_CD,CONT_METH_CAT_CD
55,IBM MDM,IBM MDM Physical Datamodel v11.3_extract_1,CONTACTMETHOD,CDCONTMETHCAT,CONTACTMETHOD --> CDCONTMETHCAT,CONT_METH_CAT_CD,CONT_METH_CAT_CD
56,IBM MDM,IBM MDM Physical Datamodel v11.3_extract_1,CONTACTMETHODGROUP,CDCONTMETHTP,CONTACTMETHODGROUP --> CDCONTMETHTP,CONT_METH_TP_CD,CONT_METH_TP_CD
57,IBM MDM,IBM MDM Physical Datamodel v11.3_extract_1,CONTRACTREL,CDCONTRACTRELSTTP,CONTRACTREL --> CDCONTRACTRELSTTP,CONTR_REL_ST_TP_CD,CONTR_REL_ST_TP_CD
58,IBM MDM,IBM MDM Physical Datamodel v11.3_extract_1,CONTRACTREL,CDCONTRACTRELTP,CONTRACTREL --> CDCONTRACTRELTP,CONTR_REL_TP_CD,CONTR_REL_TP_CD
59,IBM MDM,IBM MDM Physical Datamodel v11.3_extract_1,CONTRACTROLE,CDCONTRACTROLETP,CONTRACTROLE --> CDCONTRACTROLETP,CONTR_ROLE_TP_CD,CONTR_ROLE_TP_CD
60,IBM MDM,IBM MDM Physical Datamodel v11.3_extract_1,CONTRACTCOMPONENT,CDCONTRACTSTTP,CONTRACTCOMPONENT --> CDCONTRACTSTTP,CONTRACT_ST_TP_CD,CONTRACT_ST_TP_CD
61,IBM MDM,IBM MDM Physical Datamodel v11.3_extract_1,CONTRACTCOMPONENT,CDCONTRCOMPTP,CONTRACTCOMPONENT --> CDCONTRCOMPTP,CONTR_COMP_TP_CD,CONTR_COMP_TP_CD
62,IBM MDM,IBM MDM Physical Datamodel v11.3_extract_1,ADDRESS,CDCOUNTRYTP,ADDRESS --> CDCOUNTRYTP,COUNTRY_TP_CD,COUNTRY_TP_CD
63,IBM MDM,IBM MDM Physical Datamodel v11.3_extract_1,CONTRACT,CDCURRENCYTP,CONTRACT --> CDCURRENCYTP,CURRENCY_TP_CD,CURRENCY_TP_CD
64,IBM MDM,IBM MDM Physical Datamodel v11.3_extract_1,FINANCIALPRODUCT,CDCURRENCYTP,FINANCIALPRODUCT --> CDCURRENCYTP,CURRENCY_TP_CD,CURRENCY_TP_CD
65,IBM MDM,IBM MDM Physical Datamodel v11.3_extract_1,INCOMESOURCE,CDCURRENCYTP,INCOMESOURCE --> CDCURRENCYTP,CURRENCY_TP_CD,CURRENCY_TP_CD
66,IBM MDM,IBM MDM Physical Datamodel v11.3_extract_1,CONTACTDEMOGRAPHICS,CDDEMOGRAPHICSTP,CONTACTDEMOGRAPHICS --> CDDEMOGRAPHICSTP,DEMOGRAPHICS_TP_CD,DEMOGRAPHICS_TP_CD
67,IBM MDM,IBM MDM Physical Datamodel v11.3_extract_1,CDDOMAINVALUETP,CDDOMAINTP,CDDOMAINVALUETP --> CDDOMAINTP,DOMAIN_TP_CD,DOMAIN_TP_CD
68,IBM MDM,IBM MDM Physical Datamodel v11.3_extract_1,CONTRACTCOMPVAL,CDDOMAINVALUETP,CONTRACTCOMPVAL --> CDDOMAINVALUETP,DOMAIN_VALUE_TP_CD,DOMAIN_VALUE_TP_CD
69,IBM MDM,IBM MDM Physical Datamodel v11.3_extract_1,CONTACTREL,CDENDREASONTP,CONTACTREL --> CDENDREASONTP,END_REASON_TP_CD,END_REASON_TP_CD
70,IBM MDM,IBM MDM Physical Datamodel v11.3_extract_1,CONTMACROROLE,CDENDREASONTP,CONTMACROROLE --> CDENDREASONTP,END_REASON_TP_CD,END_REASON_TP_CD
71,IBM MDM,IBM MDM Physical Datamodel v11.3_extract_1,CONTRACTROLE,CDENDREASONTP,CONTRACTROLE --> CDENDREASONTP,END_REASON_TP_CD,END_REASON_TP_CD
72,IBM MDM,IBM MDM Physical Datamodel v11.3_extract_1,CONTRACTROLEREL,CDENDREASONTP,CONTRACTROLEREL --> CDENDREASONTP,END_REASON_TP_CD,END_REASON_TP_CD
73,IBM MDM,IBM MDM Physical Datamodel v11.3_extract_1,ENTITYROLE,CDENDREASONTP,ENTITYROLE --> CDENDREASONTP,END_REASON_TP_CD,END_REASON_TP_CD
74,IBM MDM,IBM MDM Physical Datamodel v11.3_extract_1,MACROROLEASSOC,CDENDREASONTP,MACROROLEASSOC --> CDENDREASONTP,END_REASON_TP_CD,END_REASON_TP_CD
75,IBM MDM,IBM MDM Physical Datamodel v11.3_extract_1,PRODUCTPARTYROLE,CDENDREASONTP,PRODUCTPARTYROLE --> CDENDREASONTP,END_REASON_TP_CD,END_REASON_TP_CD
76,IBM MDM,IBM MDM Physical Datamodel v11.3_extract_1,CONTACT,CDENTITYLINKSTTP,CONTACT --> CDENTITYLINKSTTP,ENTITYLINK_ST_TP_CD,ENTITYLINK_ST_TP_CD
77,IBM MDM,IBM MDM Physical Datamodel v11.3_extract_1,BILLINGSUMMARY,CDFREQMODETP,BILLINGSUMMARY --> CDFREQMODETP,FREQ_MODE_TP_CD,FREQ_MODE_TP_CD
78,IBM MDM,IBM MDM Physical Datamodel v11.3_extract_1,CONTRACT,CDFREQMODETP,CONTRACT --> CDFREQMODETP,FREQ_MODE_TP_CD,FREQ_MODE_TP_CD
79,IBM MDM,IBM MDM Physical Datamodel v11.3_extract_1,PERSONNAME,CDGENERATIONTP,PERSONNAME --> CDGENERATIONTP,GENERATION_TP_CD,GENERATION_TP_CD
80,IBM MDM,IBM MDM Physical Datamodel v11.3_extract_1,PERSON,CDHIGHESTEDUTP,PERSON --> CDHIGHESTEDUTP,HIGHEST_EDU_TP_CD,HIGHEST_EDU_TP_CD
81,IBM MDM,IBM MDM Physical Datamodel v11.3_extract_1,HOLDING,CDHOLDINGTP,HOLDING --> CDHOLDINGTP,HOLD_TP_CD,HOLD_TP_CD
82,IBM MDM,IBM MDM Physical Datamodel v11.3_extract_1,IDENTIFIER,CDIDSTATUSTP,IDENTIFIER --> CDIDSTATUSTP,ID_STATUS_TP_CD,ID_STATUS_TP_CD
83,IBM MDM,IBM MDM Physical Datamodel v11.3_extract_1,IDENTIFIER,CDIDTP,IDENTIFIER --> CDIDTP,ID_TP_CD,ID_TP_CD
84,IBM MDM,IBM MDM Physical Datamodel v11.3_extract_1,INACTIVATEDCONT,CDINACTREASONTP,INACTIVATEDCONT --> CDINACTREASONTP,INACT_REASON_TP_CD,INACT_REASON_TP_CD
85,IBM MDM,IBM MDM Physical Datamodel v11.3_extract_1,INCOMESOURCE,CDINCOMESRCTP,INCOMESOURCE --> CDINCOMESRCTP,INCOME_SRC_TP_CD,INCOME_SRC_TP_CD
86,IBM MDM,IBM MDM Physical Datamodel v11.3_extract_1,ORG,CDINDUSTRYTP,ORG --> CDINDUSTRYTP,INDUSTRY_TP_CD,INDUSTRY_TP_CD
87,IBM MDM,IBM MDM Physical Datamodel v11.3_extract_1,CATEGORYNLS,CDLANGTP,CATEGORYNLS --> CDLANGTP,LANG_TP_CD,LANG_TP_CD
88,IBM MDM,IBM MDM Physical Datamodel v11.3_extract_1,CATHIERARCHYNLS,CDLANGTP,CATHIERARCHYNLS --> CDLANGTP,LANG_TP_CD,LANG_TP_CD
89,IBM MDM,IBM MDM Physical Datamodel v11.3_extract_1,CDACCETOCOMPTP,CDLANGTP,CDACCETOCOMPTP --> CDLANGTP,LANG_TP_CD,LANG_TP_CD
90,IBM MDM,IBM MDM Physical Datamodel v11.3_extract_1,CDACCOUNTREQUIREDTP,CDLANGTP,CDACCOUNTREQUIREDTP --> CDLANGTP,LANG_TP_CD,LANG_TP_CD
91,IBM MDM,IBM MDM Physical Datamodel v11.3_extract_1,CDACCOUNTTP,CDLANGTP,CDACCOUNTTP --> CDLANGTP,LANG_TP_CD,LANG_TP_CD
92,IBM MDM,IBM MDM Physical Datamodel v11.3_extract_1,CDACTIONADJREASTP,CDLANGTP,CDACTIONADJREASTP --> CDLANGTP,LANG_TP_CD,LANG_TP_CD
93,IBM MDM,IBM MDM Physical Datamodel v11.3_extract_1,CDADDRUSAGETP,CDLANGTP,CDADDRUSAGETP --> CDLANGTP,LANG_TP_CD,LANG_TP_CD
94,IBM MDM,IBM MDM Physical Datamodel v11.3_extract_1,CDADMINFLDNMTP,CDLANGTP,CDADMINFLDNMTP --> CDLANGTP,LANG_TP_CD,LANG_TP_CD
95,IBM MDM,IBM MDM Physical Datamodel v11.3_extract_1,CDADMINSYSTP,CDLANGTP,CDADMINSYSTP --> CDLANGTP,LANG_TP_CD,LANG_TP_CD
96,IBM MDM,IBM MDM Physical Datamodel v11.3_extract_1,CDAGEVERDOCTP,CDLANGTP,CDAGEVERDOCTP --> CDLANGTP,LANG_TP_CD,LANG_TP_CD
97,IBM MDM,IBM MDM Physical Datamodel v11.3_extract_1,CDAGREEMENTSTTP,CDLANGTP,CDAGREEMENTSTTP --> CDLANGTP,LANG_TP_CD,LANG_TP_CD
98,IBM MDM,IBM MDM Physical Datamodel v11.3_extract_1,CDAGREEMENTTP,CDLANGTP,CDAGREEMENTTP --> CDLANGTP,LANG_TP_CD,LANG_TP_CD
99,IBM MDM,IBM MDM Physical Datamodel v11.3_extract_1,CDARRANGEMENTTP,CDLANGTP,CDARRANGEMENTTP --> CDLANGTP,LANG_TP_CD,LANG_TP_CD
100,IBM MDM,IBM MDM Physical Datamodel v11.3_extract_1,CDAVAILABILITYTP,CDLANGTP,CDAVAILABILITYTP --> CDLANGTP,LANG_TP_CD,LANG_TP_CD
101,IBM MDM,IBM MDM Physical Datamodel v11.3_extract_1,CDBILLINGSTTP,CDLANGTP,CDBILLINGSTTP --> CDLANGTP,LANG_TP_CD,LANG_TP_CD
102,IBM MDM,IBM MDM Physical Datamodel v11.3_extract_1,CDBILLTP,CDLANGTP,CDBILLTP --> CDLANGTP,LANG_TP_CD,LANG_TP_CD
103,IBM MDM,IBM MDM Physical Datamodel v11.3_extract_1,CDBUYSELLAGREETP,CDLANGTP,CDBUYSELLAGREETP --> CDLANGTP,LANG_TP_CD,LANG_TP_CD
104,IBM MDM,IBM MDM Physical Datamodel v11.3_extract_1,CDCAMPAIGNTP,CDLANGTP,CDCAMPAIGNTP --> CDLANGTP,LANG_TP_CD,LANG_TP_CD
105,IBM MDM,IBM MDM Physical Datamodel v11.3_extract_1,CDCDCREJREASONTP,CDLANGTP,CDCDCREJREASONTP --> CDLANGTP,LANG_TP_CD,LANG_TP_CD
106,IBM MDM,IBM MDM Physical Datamodel v11.3_extract_1,CDCDCSTTP,CDLANGTP,CDCDCSTTP --> CDLANGTP,LANG_TP_CD,LANG_TP_CD
107,IBM MDM,IBM MDM Physical Datamodel v11.3_extract_1,CDCHARGECARDTP,CDLANGTP,CDCHARGECARDTP --> CDLANGTP,LANG_TP_CD,LANG_TP_CD
108,IBM MDM,IBM MDM Physical Datamodel v11.3_extract_1,CDCLAIMROLETP,CDLANGTP,CDCLAIMROLETP --> CDLANGTP,LANG_TP_CD,LANG_TP_CD
109,IBM MDM,IBM MDM Physical Datamodel v11.3_extract_1,CDCLAIMSTATUSTP,CDLANGTP,CDCLAIMSTATUSTP --> CDLANGTP,LANG_TP_CD,LANG_TP_CD
110,IBM MDM,IBM MDM Physical Datamodel v11.3_extract_1,CDCLAIMTP,CDLANGTP,CDCLAIMTP --> CDLANGTP,LANG_TP_CD,LANG_TP_CD
111,IBM MDM,IBM MDM Physical Datamodel v11.3_extract_1,CDCLIENTIMPTP,CDLANGTP,CDCLIENTIMPTP --> CDLANGTP,LANG_TP_CD,LANG_TP_CD
112,IBM MDM,IBM MDM Physical Datamodel v11.3_extract_1,CDCLIENTPOTENTP,CDLANGTP,CDCLIENTPOTENTP --> CDLANGTP,LANG_TP_CD,LANG_TP_CD
113,IBM MDM,IBM MDM Physical Datamodel v11.3_extract_1,CDCLIENTSTTP,CDLANGTP,CDCLIENTSTTP --> CDLANGTP,LANG_TP_CD,LANG_TP_CD
114,IBM MDM,IBM MDM Physical Datamodel v11.3_extract_1,CDCONDITIONATTRIBUTETP,CDLANGTP,CDCONDITIONATTRIBUTETP --> CDLANGTP,LANG_TP_CD,LANG_TP_CD
115,IBM MDM,IBM MDM Physical Datamodel v11.3_extract_1,CDCONDITIONOWNERTP,CDLANGTP,CDCONDITIONOWNERTP --> CDLANGTP,LANG_TP_CD,LANG_TP_CD
116,IBM MDM,IBM MDM Physical Datamodel v11.3_extract_1,CDCONDITIONUSAGETP,CDLANGTP,CDCONDITIONUSAGETP --> CDLANGTP,LANG_TP_CD,LANG_TP_CD
117,IBM MDM,IBM MDM Physical Datamodel v11.3_extract_1,CDCONTMETHCAT,CDLANGTP,CDCONTMETHCAT --> CDLANGTP,LANG_TP_CD,LANG_TP_CD
118,IBM MDM,IBM MDM Physical Datamodel v11.3_extract_1,CDCONTMETHTP,CDLANGTP,CDCONTMETHTP --> CDLANGTP,LANG_TP_CD,LANG_TP_CD
119,IBM MDM,IBM MDM Physical Datamodel v11.3_extract_1,CDCONTRACTRELSTTP,CDLANGTP,CDCONTRACTRELSTTP --> CDLANGTP,LANG_TP_CD,LANG_TP_CD
120,IBM MDM,IBM MDM Physical Datamodel v11.3_extract_1,CDCONTRACTRELTP,CDLANGTP,CDCONTRACTRELTP --> CDLANGTP,LANG_TP_CD,LANG_TP_CD
121,IBM MDM,IBM MDM Physical Datamodel v11.3_extract_1,CDCONTRACTROLETP,CDLANGTP,CDCONTRACTROLETP --> CDLANGTP,LANG_TP_CD,LANG_TP_CD
122,IBM MDM,IBM MDM Physical Datamodel v11.3_extract_1,CDCONTRACTSTTP,CDLANGTP,CDCONTRACTSTTP --> CDLANGTP,LANG_TP_CD,LANG_TP_CD
123,IBM MDM,IBM MDM Physical Datamodel v11.3_extract_1,CDCONTRCOMPTP,CDLANGTP,CDCONTRCOMPTP --> CDLANGTP,LANG_TP_CD,LANG_TP_CD
124,IBM MDM,IBM MDM Physical Datamodel v11.3_extract_1,CDCOUNTRYTP,CDLANGTP,CDCOUNTRYTP --> CDLANGTP,LANG_TP_CD,LANG_TP_CD
125,IBM MDM,IBM MDM Physical Datamodel v11.3_extract_1,CDCURRENCYTP,CDLANGTP,CDCURRENCYTP --> CDLANGTP,LANG_TP_CD,LANG_TP_CD
126,IBM MDM,IBM MDM Physical Datamodel v11.3_extract_1,CDDEMOGRAPHICSTP,CDLANGTP,CDDEMOGRAPHICSTP --> CDLANGTP,LANG_TP_CD,LANG_TP_CD
127,IBM MDM,IBM MDM Physical Datamodel v11.3_extract_1,CDDOMAINTP,CDLANGTP,CDDOMAINTP --> CDLANGTP,LANG_TP_CD,LANG_TP_CD
128,IBM MDM,IBM MDM Physical Datamodel v11.3_extract_1,CDDOMAINVALUETP,CDLANGTP,CDDOMAINVALUETP --> CDLANGTP,LANG_TP_CD,LANG_TP_CD
129,IBM MDM,IBM MDM Physical Datamodel v11.3_extract_1,CDEMEMATCHFUNCTIONTP,CDLANGTP,CDEMEMATCHFUNCTIONTP --> CDLANGTP,LANG_TP_CD,LANG_TP_CD
130,IBM MDM,IBM MDM Physical Datamodel v11.3_extract_1,CDEMEMATCHWORDTP,CDLANGTP,CDEMEMATCHWORDTP --> CDLANGTP,LANG_TP_CD,LANG_TP_CD
131,IBM MDM,IBM MDM Physical Datamodel v11.3_extract_1,CDENDREASONTP,CDLANGTP,CDENDREASONTP --> CDLANGTP,LANG_TP_CD,LANG_TP_CD
132,IBM MDM,IBM MDM Physical Datamodel v11.3_extract_1,CDENTITYLINKSTTP,CDLANGTP,CDENTITYLINKSTTP --> CDLANGTP,LANG_TP_CD,LANG_TP_CD
133,IBM MDM,IBM MDM Physical Datamodel v11.3_extract_1,CDFREQMODETP,CDLANGTP,CDFREQMODETP --> CDLANGTP,LANG_TP_CD,LANG_TP_CD
134,IBM MDM,IBM MDM Physical Datamodel v11.3_extract_1,CDGENERATIONTP,CDLANGTP,CDGENERATIONTP --> CDLANGTP,LANG_TP_CD,LANG_TP_CD
135,IBM MDM,IBM MDM Physical Datamodel v11.3_extract_1,CDHIGHESTEDUTP,CDLANGTP,CDHIGHESTEDUTP --> CDLANGTP,LANG_TP_CD,LANG_TP_CD
136,IBM MDM,IBM MDM Physical Datamodel v11.3_extract_1,CDHOLDINGTP,CDLANGTP,CDHOLDINGTP --> CDLANGTP,LANG_TP_CD,LANG_TP_CD
137,IBM MDM,IBM MDM Physical Datamodel v11.3_extract_1,CDIDSTATUSTP,CDLANGTP,CDIDSTATUSTP --> CDLANGTP,LANG_TP_CD,LANG_TP_CD
138,IBM MDM,IBM MDM Physical Datamodel v11.3_extract_1,CDIDTP,CDLANGTP,CDIDTP --> CDLANGTP,LANG_TP_CD,LANG_TP_CD
139,IBM MDM,IBM MDM Physical Datamodel v11.3_extract_1,CDINACTREASONTP,CDLANGTP,CDINACTREASONTP --> CDLANGTP,LANG_TP_CD,LANG_TP_CD
140,IBM MDM,IBM MDM Physical Datamodel v11.3_extract_1,CDINCOMESRCTP,CDLANGTP,CDINCOMESRCTP --> CDLANGTP,LANG_TP_CD,LANG_TP_CD
141,IBM MDM,IBM MDM Physical Datamodel v11.3_extract_1,CDINDUSTRYTP,CDLANGTP,CDINDUSTRYTP --> CDLANGTP,LANG_TP_CD,LANG_TP_CD
142,IBM MDM,IBM MDM Physical Datamodel v11.3_extract_1,CDLINKREASONTP,CDLANGTP,CDLINKREASONTP --> CDLANGTP,LANG_TP_CD,LANG_TP_CD
143,IBM MDM,IBM MDM Physical Datamodel v11.3_extract_1,CDLOBRELTP,CDLANGTP,CDLOBRELTP --> CDLANGTP,LANG_TP_CD,LANG_TP_CD
144,IBM MDM,IBM MDM Physical Datamodel v11.3_extract_1,CDLOBTP,CDLANGTP,CDLOBTP --> CDLANGTP,LANG_TP_CD,LANG_TP_CD
145,IBM MDM,IBM MDM Physical Datamodel v11.3_extract_1,CDMARITALSTTP,CDLANGTP,CDMARITALSTTP --> CDLANGTP,LANG_TP_CD,LANG_TP_CD
146,IBM MDM,IBM MDM Physical Datamodel v11.3_extract_1,CDMATCHENGINETP,CDLANGTP,CDMATCHENGINETP --> CDLANGTP,LANG_TP_CD,LANG_TP_CD
147,IBM MDM,IBM MDM Physical Datamodel v11.3_extract_1,CDMATCHRELEVTP,CDLANGTP,CDMATCHRELEVTP --> CDLANGTP,LANG_TP_CD,LANG_TP_CD
148,IBM MDM,IBM MDM Physical Datamodel v11.3_extract_1,CDMETHODSTATUSTP,CDLANGTP,CDMETHODSTATUSTP --> CDLANGTP,LANG_TP_CD,LANG_TP_CD
149,IBM MDM,IBM MDM Physical Datamodel v11.3_extract_1,CDMISCVALUEATTRTP,CDLANGTP,CDMISCVALUEATTRTP --> CDLANGTP,LANG_TP_CD,LANG_TP_CD
150,IBM MDM,IBM MDM Physical Datamodel v11.3_extract_1,CDMISCVALUECAT,CDLANGTP,CDMISCVALUECAT --> CDLANGTP,LANG_TP_CD,LANG_TP_CD
151,IBM MDM,IBM MDM Physical Datamodel v11.3_extract_1,CDMISCVALUETP,CDLANGTP,CDMISCVALUETP --> CDLANGTP,LANG_TP_CD,LANG_TP_CD
152,IBM MDM,IBM MDM Physical Datamodel v11.3_extract_1,CDNAMEUSAGETP,CDLANGTP,CDNAMEUSAGETP --> CDLANGTP,LANG_TP_CD,LANG_TP_CD
153,IBM MDM,IBM MDM Physical Datamodel v11.3_extract_1,CDNODETP,CDLANGTP,CDNODETP --> CDLANGTP,LANG_TP_CD,LANG_TP_CD
154,IBM MDM,IBM MDM Physical Datamodel v11.3_extract_1,CDORGNAMETP,CDLANGTP,CDORGNAMETP --> CDLANGTP,LANG_TP_CD,LANG_TP_CD
155,IBM MDM,IBM MDM Physical Datamodel v11.3_extract_1,CDORGTP,CDLANGTP,CDORGTP --> CDLANGTP,LANG_TP_CD,LANG_TP_CD
156,IBM MDM,IBM MDM Physical Datamodel v11.3_extract_1,CDPAYMENTMETHODTP,CDLANGTP,CDPAYMENTMETHODTP --> CDLANGTP,LANG_TP_CD,LANG_TP_CD
157,IBM MDM,IBM MDM Physical Datamodel v11.3_extract_1,CDPPREFACTIONTP,CDLANGTP,CDPPREFACTIONTP --> CDLANGTP,LANG_TP_CD,LANG_TP_CD
158,IBM MDM,IBM MDM Physical Datamodel v11.3_extract_1,CDPPREFCAT,CDLANGTP,CDPPREFCAT --> CDLANGTP,LANG_TP_CD,LANG_TP_CD
159,IBM MDM,IBM MDM Physical Datamodel v11.3_extract_1,CDPPREFREASONTP,CDLANGTP,CDPPREFREASONTP --> CDLANGTP,LANG_TP_CD,LANG_TP_CD
160,IBM MDM,IBM MDM Physical Datamodel v11.3_extract_1,CDPPREFSEGTP,CDLANGTP,CDPPREFSEGTP --> CDLANGTP,LANG_TP_CD,LANG_TP_CD
161,IBM MDM,IBM MDM Physical Datamodel v11.3_extract_1,CDPPREFTP,CDLANGTP,CDPPREFTP --> CDLANGTP,LANG_TP_CD,LANG_TP_CD
162,IBM MDM,IBM MDM Physical Datamodel v11.3_extract_1,CDPREFIXNAMETP,CDLANGTP,CDPREFIXNAMETP --> CDLANGTP,LANG_TP_CD,LANG_TP_CD
163,IBM MDM,IBM MDM Physical Datamodel v11.3_extract_1,CDPRIMARYTARGETMARKETTP,CDLANGTP,CDPRIMARYTARGETMARKETTP --> CDLANGTP,LANG_TP_CD,LANG_TP_CD
164,IBM MDM,IBM MDM Physical Datamodel v11.3_extract_1,CDPRIORITYCATTP,CDLANGTP,CDPRIORITYCATTP --> CDLANGTP,LANG_TP_CD,LANG_TP_CD
165,IBM MDM,IBM MDM Physical Datamodel v11.3_extract_1,CDPRIORITYTP,CDLANGTP,CDPRIORITYTP --> CDLANGTP,LANG_TP_CD,LANG_TP_CD
166,IBM MDM,IBM MDM Physical Datamodel v11.3_extract_1,CDPRODCONTRACTRELTP,CDLANGTP,CDPRODCONTRACTRELTP --> CDLANGTP,LANG_TP_CD,LANG_TP_CD
167,IBM MDM,IBM MDM Physical Datamodel v11.3_extract_1,CDPRODRELATIONTP,CDLANGTP,CDPRODRELATIONTP --> CDLANGTP,LANG_TP_CD,LANG_TP_CD
168,IBM MDM,IBM MDM Physical Datamodel v11.3_extract_1,CDPRODRELTP,CDLANGTP,CDPRODRELTP --> CDLANGTP,LANG_TP_CD,LANG_TP_CD
169,IBM MDM,IBM MDM Physical Datamodel v11.3_extract_1,CDPRODSTRUCTURETP,CDLANGTP,CDPRODSTRUCTURETP --> CDLANGTP,LANG_TP_CD,LANG_TP_CD
170,IBM MDM,IBM MDM Physical Datamodel v11.3_extract_1,CDPRODTP,CDLANGTP,CDPRODTP --> CDLANGTP,LANG_TP_CD,LANG_TP_CD
171,IBM MDM,IBM MDM Physical Datamodel v11.3_extract_1,CDPRODUCTIDENTIFIERTP,CDLANGTP,CDPRODUCTIDENTIFIERTP --> CDLANGTP,LANG_TP_CD,LANG_TP_CD
172,IBM MDM,IBM MDM Physical Datamodel v11.3_extract_1,CDPRODUCTPARTYROLETP,CDLANGTP,CDPRODUCTPARTYROLETP --> CDLANGTP,LANG_TP_CD,LANG_TP_CD
173,IBM MDM,IBM MDM Physical Datamodel v11.3_extract_1,CDPRODUCTSTATUSTP,CDLANGTP,CDPRODUCTSTATUSTP --> CDLANGTP,LANG_TP_CD,LANG_TP_CD
174,IBM MDM,IBM MDM Physical Datamodel v11.3_extract_1,CDPROVSTATETP,CDLANGTP,CDPROVSTATETP --> CDLANGTP,LANG_TP_CD,LANG_TP_CD
175,IBM MDM,IBM MDM Physical Datamodel v11.3_extract_1,CDPURPOSETP,CDLANGTP,CDPURPOSETP --> CDLANGTP,LANG_TP_CD,LANG_TP_CD
176,IBM MDM,IBM MDM Physical Datamodel v11.3_extract_1,CDRELASSIGNTP,CDLANGTP,CDRELASSIGNTP --> CDLANGTP,LANG_TP_CD,LANG_TP_CD
177,IBM MDM,IBM MDM Physical Datamodel v11.3_extract_1,CDRELTP,CDLANGTP,CDRELTP --> CDLANGTP,LANG_TP_CD,LANG_TP_CD
178,IBM MDM,IBM MDM Physical Datamodel v11.3_extract_1,CDRESIDENCETP,CDLANGTP,CDRESIDENCETP --> CDLANGTP,LANG_TP_CD,LANG_TP_CD
179,IBM MDM,IBM MDM Physical Datamodel v11.3_extract_1,CDRESOLUTIONTP,CDLANGTP,CDRESOLUTIONTP --> CDLANGTP,LANG_TP_CD,LANG_TP_CD
180,IBM MDM,IBM MDM Physical Datamodel v11.3_extract_1,CDROLECATTP,CDLANGTP,CDROLECATTP --> CDLANGTP,LANG_TP_CD,LANG_TP_CD
181,IBM MDM,IBM MDM Physical Datamodel v11.3_extract_1,CDROLETP,CDLANGTP,CDROLETP --> CDLANGTP,LANG_TP_CD,LANG_TP_CD
182,IBM MDM,IBM MDM Physical Datamodel v11.3_extract_1,CDRPTINGFREQTP,CDLANGTP,CDRPTINGFREQTP --> CDLANGTP,LANG_TP_CD,LANG_TP_CD
183,IBM MDM,IBM MDM Physical Datamodel v11.3_extract_1,CDSERVICELEVELTP,CDLANGTP,CDSERVICELEVELTP --> CDLANGTP,LANG_TP_CD,LANG_TP_CD
184,IBM MDM,IBM MDM Physical Datamodel v11.3_extract_1,CDSHAREDISTTP,CDLANGTP,CDSHAREDISTTP --> CDLANGTP,LANG_TP_CD,LANG_TP_CD
185,IBM MDM,IBM MDM Physical Datamodel v11.3_extract_1,CDSOURCEIDENTTP,CDLANGTP,CDSOURCEIDENTTP --> CDLANGTP,LANG_TP_CD,LANG_TP_CD
186,IBM MDM,IBM MDM Physical Datamodel v11.3_extract_1,CDSPECCASCADETP,CDLANGTP,CDSPECCASCADETP --> CDLANGTP,LANG_TP_CD,LANG_TP_CD
187,IBM MDM,IBM MDM Physical Datamodel v11.3_extract_1,CDSPECUSETP,CDLANGTP,CDSPECUSETP --> CDLANGTP,LANG_TP_CD,LANG_TP_CD
188,IBM MDM,IBM MDM Physical Datamodel v11.3_extract_1,CDSTATUSREASONTP,CDLANGTP,CDSTATUSREASONTP --> CDLANGTP,LANG_TP_CD,LANG_TP_CD
189,IBM MDM,IBM MDM Physical Datamodel v11.3_extract_1,CDSUSPECTREASONTP,CDLANGTP,CDSUSPECTREASONTP --> CDLANGTP,LANG_TP_CD,LANG_TP_CD
190,IBM MDM,IBM MDM Physical Datamodel v11.3_extract_1,CDSUSPECTSOURCETP,CDLANGTP,CDSUSPECTSOURCETP --> CDLANGTP,LANG_TP_CD,LANG_TP_CD
191,IBM MDM,IBM MDM Physical Datamodel v11.3_extract_1,CDSUSPECTSTATUSTP,CDLANGTP,CDSUSPECTSTATUSTP --> CDLANGTP,LANG_TP_CD,LANG_TP_CD
192,IBM MDM,IBM MDM Physical Datamodel v11.3_extract_1,CDSUSPECTTP,CDLANGTP,CDSUSPECTTP --> CDLANGTP,LANG_TP_CD,LANG_TP_CD
193,IBM MDM,IBM MDM Physical Datamodel v11.3_extract_1,CDTAXPOSITIONTP,CDLANGTP,CDTAXPOSITIONTP --> CDLANGTP,LANG_TP_CD,LANG_TP_CD
194,IBM MDM,IBM MDM Physical Datamodel v11.3_extract_1,CDTERMINATIONREASONTP,CDLANGTP,CDTERMINATIONREASONTP --> CDLANGTP,LANG_TP_CD,LANG_TP_CD
195,IBM MDM,IBM MDM Physical Datamodel v11.3_extract_1,CDUNDELREASONTP,CDLANGTP,CDUNDELREASONTP --> CDLANGTP,LANG_TP_CD,LANG_TP_CD
196,IBM MDM,IBM MDM Physical Datamodel v11.3_extract_1,CDUSERROLETP,CDLANGTP,CDUSERROLETP --> CDLANGTP,LANG_TP_CD,LANG_TP_CD
197,IBM MDM,IBM MDM Physical Datamodel v11.3_extract_1,PRODUCTNLS,CDLANGTP,PRODUCTNLS --> CDLANGTP,LANG_TP_CD,LANG_TP_CD
198,IBM MDM,IBM MDM Physical Datamodel v11.3_extract_1,PRODUCTTYPENLS,CDLANGTP,PRODUCTTYPENLS --> CDLANGTP,LANG_TP_CD,LANG_TP_CD
199,IBM MDM,IBM MDM Physical Datamodel v11.3_extract_1,PRODUCTVALNLS,CDLANGTP,PRODUCTVALNLS --> CDLANGTP,LANG_TP_CD,LANG_TP_CD
200,IBM MDM,IBM MDM Physical Datamodel v11.3_extract_1,PRODUCTVALNLSINDEX,CDLANGTP,PRODUCTVALNLSINDEX --> CDLANGTP,LANG_TP_CD,LANG_TP_CD
201,IBM MDM,IBM MDM Physical Datamodel v11.3_extract_1,SPECFORMATTRANSLATION,CDLANGTP,SPECFORMATTRANSLATION --> CDLANGTP,LANG_TP_CD,LANG_TP_CD
202,IBM MDM,IBM MDM Physical Datamodel v11.3_extract_1,TERMCONDITIONNLS,CDLANGTP,TERMCONDITIONNLS --> CDLANGTP,LANG_TP_CD,LANG_TP_CD
203,IBM MDM,IBM MDM Physical Datamodel v11.3_extract_1,INACTIVECONTLINK,CDLINKREASONTP,INACTIVECONTLINK --> CDLINKREASONTP,LINK_REASON_TP_CD,LINK_REASON_TP_CD
204,IBM MDM,IBM MDM Physical Datamodel v11.3_extract_1,INACTIVEPRODLINK,CDLINKREASONTP,INACTIVEPRODLINK --> CDLINKREASONTP,LINK_REASON_TP_CD,LINK_REASON_TP_CD
205,IBM MDM,IBM MDM Physical Datamodel v11.3_extract_1,LOBREL,CDLOBRELTP,LOBREL --> CDLOBRELTP,LOB_REL_TP_CD,LOB_REL_TP_CD
206,IBM MDM,IBM MDM Physical Datamodel v11.3_extract_1,CLAIM,CDLOBTP,CLAIM --> CDLOBTP,LOB_TP_CD,LOB_TP_CD
207,IBM MDM,IBM MDM Physical Datamodel v11.3_extract_1,LOBREL,CDLOBTP,LOBREL --> CDLOBTP,LOB_TP_CD,LOB_TP_CD
208,IBM MDM,IBM MDM Physical Datamodel v11.3_extract_1,PERSON,CDMARITALSTTP,PERSON --> CDMARITALSTTP,MARITAL_ST_TP_CD,MARITAL_ST_TP_CD
209,IBM MDM,IBM MDM Physical Datamodel v11.3_extract_1,CDMATCHRELEVTP,CDMATCHENGINETP,CDMATCHRELEVTP --> CDMATCHENGINETP,MATCH_ENG_TP_CD,MATCH_ENG_TP_CD
210,IBM MDM,IBM MDM Physical Datamodel v11.3_extract_1,CDSUSPECTREASONTP,CDMATCHENGINETP,CDSUSPECTREASONTP --> CDMATCHENGINETP,MATCH_ENG_TP_CD,MATCH_ENG_TP_CD
211,IBM MDM,IBM MDM Physical Datamodel v11.3_extract_1,SUSPECT,CDMATCHENGINETP,SUSPECT --> CDMATCHENGINETP,MATCH_ENG_TP_CD,MATCH_ENG_TP_CD
212,IBM MDM,IBM MDM Physical Datamodel v11.3_extract_1,SUSPECTAUGMENT,CDMATCHENGINETP,SUSPECTAUGMENT --> CDMATCHENGINETP,MATCH_ENG_TP_CD,MATCH_ENG_TP_CD
213,IBM MDM,IBM MDM Physical Datamodel v11.3_extract_1,ADDACTIONTYPE,CDMATCHRELEVTP,ADDACTIONTYPE --> CDMATCHRELEVTP,MATCH_RELEV_TP_CD,MATCH_RELEV_TP_CD
214,IBM MDM,IBM MDM Physical Datamodel v11.3_extract_1,SUSPECT,CDMATCHRELEVTP,SUSPECT --> CDMATCHRELEVTP,MATCH_RELEV_TP_CD,MATCH_RELEV_TP_CD
215,IBM MDM,IBM MDM Physical Datamodel v11.3_extract_1,ENTITYSPECUSE,CDMETADATAINFOTP,ENTITYSPECUSE --> CDMETADATAINFOTP,METADATA_INFO_TP_CD,METADATA_INFO_TP_CD
216,IBM MDM,IBM MDM Physical Datamodel v11.3_extract_1,PRODUCTTYPE,CDMETADATAINFOTP,PRODUCTTYPE --> CDMETADATAINFOTP,METADATA_INFO_TP_CD,METADATA_INFO_TP_CD
217,IBM MDM,IBM MDM Physical Datamodel v11.3_extract_1,SPEC,CDMETADATAINFOTP,SPEC --> CDMETADATAINFOTP,METADATA_INFO_TP_CD,METADATA_INFO_TP_CD
218,IBM MDM,IBM MDM Physical Datamodel v11.3_extract_1,CDMETADATAINFOTP,CDMETADATAPACKAGETP,CDMETADATAINFOTP --> CDMETADATAPACKAGETP,METADATA_PACKAGE_TP_CD,METADATA_PACKAGE_TP_CD
219,IBM MDM,IBM MDM Physical Datamodel v11.3_extract_1,CONTACTMETHODGROUP,CDMETHODSTATUSTP,CONTACTMETHODGROUP --> CDMETHODSTATUSTP,METHOD_ST_TP_CD,METHOD_ST_TP_CD
220,IBM MDM,IBM MDM Physical Datamodel v11.3_extract_1,CDMISCVALUETP,CDMISCVALUECAT,CDMISCVALUETP --> CDMISCVALUECAT,MISCVALUE_CAT_CD,MISCVALUE_CAT_CD
221,IBM MDM,IBM MDM Physical Datamodel v11.3_extract_1,MISCVALUE,CDMISCVALUETP,MISCVALUE --> CDMISCVALUETP,MISCVALUE_TP_CD,MISCVALUE_TP_CD
222,IBM MDM,IBM MDM Physical Datamodel v11.3_extract_1,PERSONNAME,CDNAMEUSAGETP,PERSONNAME --> CDNAMEUSAGETP,NAME_USAGE_TP_CD,NAME_USAGE_TP_CD
223,IBM MDM,IBM MDM Physical Datamodel v11.3_extract_1,PRODUCTTYPE,CDNODETP,PRODUCTTYPE --> CDNODETP,NODE_TP_CD,NODE_TP_CD
224,IBM MDM,IBM MDM Physical Datamodel v11.3_extract_1,ORGNAME,CDORGNAMETP,ORGNAME --> CDORGNAMETP,ORG_NAME_TP_CD,ORG_NAME_TP_CD
225,IBM MDM,IBM MDM Physical Datamodel v11.3_extract_1,ADDACTIONTYPE,CDORGTP,ADDACTIONTYPE --> CDORGTP,ORG_TP_CD,ORG_TP_CD
226,IBM MDM,IBM MDM Physical Datamodel v11.3_extract_1,ORG,CDORGTP,ORG --> CDORGTP,ORG_TP_CD,ORG_TP_CD
227,IBM MDM,IBM MDM Physical Datamodel v11.3_extract_1,BILLINGSUMMARY,CDPAYMENTMETHODTP,BILLINGSUMMARY --> CDPAYMENTMETHODTP,PYMT_MTHD_TP_CD,PYMT_MTHD_TP_CD
228,IBM MDM,IBM MDM Physical Datamodel v11.3_extract_1,PPREFACTIONOPT,CDPPREFACTIONTP,PPREFACTIONOPT --> CDPPREFACTIONTP,PPREF_ACTION_TP_CD,PPREF_ACTION_TP_CD
229,IBM MDM,IBM MDM Physical Datamodel v11.3_extract_1,CDPPREFTP,CDPPREFCAT,CDPPREFTP --> CDPPREFCAT,PPREF_CAT_CD,PPREF_CAT_CD
230,IBM MDM,IBM MDM Physical Datamodel v11.3_extract_1,PPREFENTITY,CDPPREFREASONTP,PPREFENTITY --> CDPPREFREASONTP,PPREF_REASON_TP_CD,PPREF_REASON_TP_CD
231,IBM MDM,IBM MDM Physical Datamodel v11.3_extract_1,PPREFDEF,CDPPREFSEGTP,PPREFDEF --> CDPPREFSEGTP,PPREF_SEG_TP_CD,PPREF_SEG_TP_CD
232,IBM MDM,IBM MDM Physical Datamodel v11.3_extract_1,PPREFACTIONOPT,CDPPREFTP,PPREFACTIONOPT --> CDPPREFTP,PPREF_TP_CD,PPREF_TP_CD
233,IBM MDM,IBM MDM Physical Datamodel v11.3_extract_1,PRIVPREF,CDPPREFTP,PRIVPREF --> CDPPREFTP,PPREF_TP_CD,PPREF_TP_CD
234,IBM MDM,IBM MDM Physical Datamodel v11.3_extract_1,PERSONNAME,CDPREFIXNAMETP,PERSONNAME --> CDPREFIXNAMETP,PREFIX_NAME_TP_CD,PREFIX_NAME_TP_CD
235,IBM MDM,IBM MDM Physical Datamodel v11.3_extract_1,PRODUCT,CDPRIMARYTARGETMARKETTP,PRODUCT --> CDPRIMARYTARGETMARKETTP,PRIMARY_TARGET_MARKET_TP_CD,PRIMARY_TARGET_MARKET_TP_CD
236,IBM MDM,IBM MDM Physical Datamodel v11.3_extract_1,CDPRIORITYTP,CDPRIORITYCATTP,CDPRIORITYTP --> CDPRIORITYCATTP,PRIORITY_CAT_TP_CD,PRIORITY_CAT_TP_CD
237,IBM MDM,IBM MDM Physical Datamodel v11.3_extract_1,CAMPAIGN,CDPRIORITYTP,CAMPAIGN --> CDPRIORITYTP,PRIORITY_TP_CD,PRIORITY_TP_CD
238,IBM MDM,IBM MDM Physical Datamodel v11.3_extract_1,MISCVALUE,CDPRIORITYTP,MISCVALUE --> CDPRIORITYTP,PRIORITY_TP_CD,PRIORITY_TP_CD
239,IBM MDM,IBM MDM Physical Datamodel v11.3_extract_1,PRODUCTREL,CDPRODRELATIONTP,PRODUCTREL --> CDPRODRELATIONTP,PRODUCT_REL_TP_CD,PRODUCT_REL_TP_CD
240,IBM MDM,IBM MDM Physical Datamodel v11.3_extract_1,PRODTPREL,CDPRODRELTP,PRODTPREL --> CDPRODRELTP,PRODREL_TP_CD,PRODREL_TP_CD
241,IBM MDM,IBM MDM Physical Datamodel v11.3_extract_1,PRODUCT,CDPRODSTRUCTURETP,PRODUCT --> CDPRODSTRUCTURETP,PROD_STRUC_TP_CD,PROD_STRUC_TP_CD
242,IBM MDM,IBM MDM Physical Datamodel v11.3_extract_1,CDDOMAINVALUETP,CDPRODTP,CDDOMAINVALUETP --> CDPRODTP,PROD_TP_CD,PROD_TP_CD
243,IBM MDM,IBM MDM Physical Datamodel v11.3_extract_1,CONTRACTCOMPONENT,CDPRODTP,CONTRACTCOMPONENT --> CDPRODTP,PROD_TP_CD,PROD_TP_CD
244,IBM MDM,IBM MDM Physical Datamodel v11.3_extract_1,PRODUCTIDENTIFIER,CDPRODUCTIDENTIFIERTP,PRODUCTIDENTIFIER --> CDPRODUCTIDENTIFIERTP,PRODUCT_IDENTIFIER_TP_CD,PRODUCT_IDENTIFIER_TP_CD
245,IBM MDM,IBM MDM Physical Datamodel v11.3_extract_1,PRODUCTPARTYROLE,CDPRODUCTPARTYROLETP,PRODUCTPARTYROLE --> CDPRODUCTPARTYROLETP,PRODUCT_PARTY_ROLE_TP_CD,PRODUCT_PARTY_ROLE_TP_CD
246,IBM MDM,IBM MDM Physical Datamodel v11.3_extract_1,PRODUCT,CDPRODUCTSTATUSTP,PRODUCT --> CDPRODUCTSTATUSTP,STATUS_TP_CD,STATUS_TP_CD
247,IBM MDM,IBM MDM Physical Datamodel v11.3_extract_1,ADDRESS,CDPROVSTATETP,ADDRESS --> CDPROVSTATETP,PROV_STATE_TP_CD,PROV_STATE_TP_CD
248,IBM MDM,IBM MDM Physical Datamodel v11.3_extract_1,CDPPREFSEGTP,CDPROVSTATETP,CDPPREFSEGTP --> CDPROVSTATETP,PROV_STATE_TP_CD,PROV_STATE_TP_CD
249,IBM MDM,IBM MDM Physical Datamodel v11.3_extract_1,ROLELOCPURPOSE,CDPURPOSETP,ROLELOCPURPOSE --> CDPURPOSETP,PURPOSE_TP_CD,PURPOSE_TP_CD
250,IBM MDM,IBM MDM Physical Datamodel v11.3_extract_1,CONTACTREL,CDRELASSIGNTP,CONTACTREL --> CDRELASSIGNTP,REL_ASSIGN_TP_CD,REL_ASSIGN_TP_CD
251,IBM MDM,IBM MDM Physical Datamodel v11.3_extract_1,CONTACTREL,CDRELTP,CONTACTREL --> CDRELTP,REL_TP_CD,REL_TP_CD
252,IBM MDM,IBM MDM Physical Datamodel v11.3_extract_1,CONTRACTROLEREL,CDRELTP,CONTRACTROLEREL --> CDRELTP,REL_TP_CD,REL_TP_CD
253,IBM MDM,IBM MDM Physical Datamodel v11.3_extract_1,ENTITYCONTENTREFERENCE,CDREPOSITORYTP,ENTITYCONTENTREFERENCE --> CDREPOSITORYTP,REPOSITORY_TP_CD,REPOSITORY_TP_CD
254,IBM MDM,IBM MDM Physical Datamodel v11.3_extract_1,ADDRESS,CDRESIDENCETP,ADDRESS --> CDRESIDENCETP,RESIDENCE_TP_CD,RESIDENCE_TP_CD
255,IBM MDM,IBM MDM Physical Datamodel v11.3_extract_1,PRODUCT,CDRESOLUTIONTP,PRODUCT --> CDRESOLUTIONTP,RESOLUTION_TP_CD,RESOLUTION_TP_CD
256,IBM MDM,IBM MDM Physical Datamodel v11.3_extract_1,CDROLETP,CDROLECATTP,CDROLETP --> CDROLECATTP,ROLE_CAT_TP_CD,ROLE_CAT_TP_CD
257,IBM MDM,IBM MDM Physical Datamodel v11.3_extract_1,CONTMACROROLE,CDROLETP,CONTMACROROLE --> CDROLETP,ROLE_TP_CD,ROLE_TP_CD
258,IBM MDM,IBM MDM Physical Datamodel v11.3_extract_1,ENTITYROLE,CDROLETP,ENTITYROLE --> CDROLETP,ROLE_TP_CD,ROLE_TP_CD
259,IBM MDM,IBM MDM Physical Datamodel v11.3_extract_1,CONTACT,CDRPTINGFREQTP,CONTACT --> CDRPTINGFREQTP,RPTING_FREQ_TP_CD,RPTING_FREQ_TP_CD
260,IBM MDM,IBM MDM Physical Datamodel v11.3_extract_1,CONTRACT,CDSERVICELEVELTP,CONTRACT --> CDSERVICELEVELTP,SERVICE_LEVEL_TP_CD,SERVICE_LEVEL_TP_CD
261,IBM MDM,IBM MDM Physical Datamodel v11.3_extract_1,CONTRACTROLE,CDSHAREDISTTP,CONTRACTROLE --> CDSHAREDISTTP,SHARE_DIST_TP_CD,SHARE_DIST_TP_CD
262,IBM MDM,IBM MDM Physical Datamodel v11.3_extract_1,CONTACT,CDSOURCEIDENTTP,CONTACT --> CDSOURCEIDENTTP,SOURCE_IDENT_TP_CD,SOURCE_IDENT_TP_CD
263,IBM MDM,IBM MDM Physical Datamodel v11.3_extract_1,DEFAULTSOURCEVAL,CDSOURCEIDENTTP,DEFAULTSOURCEVAL --> CDSOURCEIDENTTP,SOURCE_IDENT_TP_CD,SOURCE_IDENT_TP_CD
264,IBM MDM,IBM MDM Physical Datamodel v11.3_extract_1,IDENTIFIER,CDSOURCEIDENTTP,IDENTIFIER --> CDSOURCEIDENTTP,SOURCE_IDENT_TP_CD,SOURCE_IDENT_TP_CD
265,IBM MDM,IBM MDM Physical Datamodel v11.3_extract_1,LOCATIONGROUP,CDSOURCEIDENTTP,LOCATIONGROUP --> CDSOURCEIDENTTP,SOURCE_IDENT_TP_CD,SOURCE_IDENT_TP_CD
266,IBM MDM,IBM MDM Physical Datamodel v11.3_extract_1,MISCVALUE,CDSOURCEIDENTTP,MISCVALUE --> CDSOURCEIDENTTP,SOURCE_IDENT_TP_CD,SOURCE_IDENT_TP_CD
267,IBM MDM,IBM MDM Physical Datamodel v11.3_extract_1,ORGNAME,CDSOURCEIDENTTP,ORGNAME --> CDSOURCEIDENTTP,SOURCE_IDENT_TP_CD,SOURCE_IDENT_TP_CD
268,IBM MDM,IBM MDM Physical Datamodel v11.3_extract_1,PERSONNAME,CDSOURCEIDENTTP,PERSONNAME --> CDSOURCEIDENTTP,SOURCE_IDENT_TP_CD,SOURCE_IDENT_TP_CD
269,IBM MDM,IBM MDM Physical Datamodel v11.3_extract_1,PPREFENTITY,CDSOURCEIDENTTP,PPREFENTITY --> CDSOURCEIDENTTP,SOURCE_IDENT_TP_CD,SOURCE_IDENT_TP_CD
270,IBM MDM,IBM MDM Physical Datamodel v11.3_extract_1,ENTITYSPECUSE,CDSPECCASCADETP,ENTITYSPECUSE --> CDSPECCASCADETP,SPEC_CASCADE_TP_CD,SPEC_CASCADE_TP_CD
271,IBM MDM,IBM MDM Physical Datamodel v11.3_extract_1,ENTITYSPECUSE,CDSPECUSETP,ENTITYSPECUSE --> CDSPECUSETP,SPEC_USE_TP_CD,SPEC_USE_TP_CD
272,IBM MDM,IBM MDM Physical Datamodel v11.3_extract_1,PRODUCT,CDSTATUSREASONTP,PRODUCT --> CDSTATUSREASONTP,STATUS_REASON_TP_CD,STATUS_REASON_TP_CD
273,IBM MDM,IBM MDM Physical Datamodel v11.3_extract_1,ADDACTIONTYPE,CDSUSPECTREASONTP,ADDACTIONTYPE --> CDSUSPECTREASONTP,SUSP_REASON_TP_CD,SUSP_REASON_TP_CD
274,IBM MDM,IBM MDM Physical Datamodel v11.3_extract_1,SUSPECT,CDSUSPECTREASONTP,SUSPECT --> CDSUSPECTREASONTP,SUSP_REASON_TP_CD,SUSP_REASON_TP_CD
275,IBM MDM,IBM MDM Physical Datamodel v11.3_extract_1,PRODUCTSUSPECT,CDSUSPECTSTATUSTP,PRODUCTSUSPECT --> CDSUSPECTSTATUSTP,SUSP_ST_TP_CD,SUSP_ST_TP_CD
276,IBM MDM,IBM MDM Physical Datamodel v11.3_extract_1,SUSPECT,CDSUSPECTSTATUSTP,SUSPECT --> CDSUSPECTSTATUSTP,SUSP_ST_TP_CD,SUSP_ST_TP_CD
277,IBM MDM,IBM MDM Physical Datamodel v11.3_extract_1,ADDACTIONTYPE,CDSUSPECTTP,ADDACTIONTYPE --> CDSUSPECTTP,SUSPECT_TP_CD,SUSPECT_TP_CD
278,IBM MDM,IBM MDM Physical Datamodel v11.3_extract_1,PRODUCTSUSPECT,CDSUSPECTTP,PRODUCTSUSPECT --> CDSUSPECTTP,SUSPECT_TP_CD,SUSPECT_TP_CD
279,IBM MDM,IBM MDM Physical Datamodel v11.3_extract_1,SUSPECTAUGMENT,CDSUSPECTTP,SUSPECTAUGMENT --> CDSUSPECTTP,SUSPECT_TP_CD,SUSPECT_TP_CD
280,IBM MDM,IBM MDM Physical Datamodel v11.3_extract_1,FINANCIALPRODUCT,CDTAXPOSITIONTP,FINANCIALPRODUCT --> CDTAXPOSITIONTP,TAX_POSITION_TP_CD,TAX_POSITION_TP_CD
281,IBM MDM,IBM MDM Physical Datamodel v11.3_extract_1,CONTRACT,CDTERMINATIONREASONTP,CONTRACT --> CDTERMINATIONREASONTP,TERMINATION_REASON_TP_CD,TERMINATION_REASON_TP_CD
282,IBM MDM,IBM MDM Physical Datamodel v11.3_extract_1,LOCATIONGROUP,CDUNDELREASONTP,LOCATIONGROUP --> CDUNDELREASONTP,UNDEL_REASON_TP_CD,UNDEL_REASON_TP_CD
283,IBM MDM,IBM MDM Physical Datamodel v11.3_extract_1,ROLELOCATION,CDUNDELREASONTP,ROLELOCATION --> CDUNDELREASONTP,UNDEL_REASON_TP_CD,UNDEL_REASON_TP_CD
284,IBM MDM,IBM MDM Physical Datamodel v11.3_extract_1,USERTABLE,CDUSERROLETP,USERTABLE --> CDUSERROLETP,USER_ROLE_TP_CD,USER_ROLE_TP_CD
285,IBM MDM,IBM MDM Physical Datamodel v11.3_extract_1,BANKACCOUNT,CHARGECARD,BANKACCOUNT --> CHARGECARD,PAYMENT_SOURCE_ID,PAYMENT_SOURCE_ID
286,IBM MDM,IBM MDM Physical Datamodel v11.3_extract_1,BILLINGSUMMARY,CHARGECARD,BILLINGSUMMARY --> CHARGECARD,PAYMENT_SOURCE_ID,PAYMENT_SOURCE_ID
287,IBM MDM,IBM MDM Physical Datamodel v11.3_extract_1,PAYMENTSOURCE,CHARGECARD,PAYMENTSOURCE --> CHARGECARD,PAYMENT_SOURCE_ID,PAYMENT_SOURCE_ID
288,IBM MDM,IBM MDM Physical Datamodel v11.3_extract_1,PAYROLLDEDUCTION,CHARGECARD,PAYROLLDEDUCTION --> CHARGECARD,PAYMENT_SOURCE_ID,PAYMENT_SOURCE_ID
289,IBM MDM,IBM MDM Physical Datamodel v11.3_extract_1,CLAIMCONTRACT,CLAIM,CLAIMCONTRACT --> CLAIM,CLAIM_ID,CLAIM_ID
290,IBM MDM,IBM MDM Physical Datamodel v11.3_extract_1,CLAIMROLE,CLAIM,CLAIMROLE --> CLAIM,CLAIM_ID,CLAIM_ID
291,IBM MDM,IBM MDM Physical Datamodel v11.3_extract_1,CLAIMROLE,CONTACT,CLAIMROLE --> CONTACT,CONT_ID,CONT_ID
292,IBM MDM,IBM MDM Physical Datamodel v11.3_extract_1,CONTACTCDC,CONTACT,CONTACTCDC --> CONTACT,CONT_ID,CONT_ID
293,IBM MDM,IBM MDM Physical Datamodel v11.3_extract_1,CONTACTDEMOGRAPHICS,CONTACT,CONTACTDEMOGRAPHICS --> CONTACT,CONT_ID,CONT_ID
294,IBM MDM,IBM MDM Physical Datamodel v11.3_extract_1,CONTEQUIV,CONTACT,CONTEQUIV --> CONTACT,CONT_ID,CONT_ID
295,IBM MDM,IBM MDM Physical Datamodel v11.3_extract_1,CONTMACROROLE,CONTACT,CONTMACROROLE --> CONTACT,CONT_ID,CONT_ID
296,IBM MDM,IBM MDM Physical Datamodel v11.3_extract_1,CONTRACTROLE,CONTACT,CONTRACTROLE --> CONTACT,CONT_ID,CONT_ID
297,IBM MDM,IBM MDM Physical Datamodel v11.3_extract_1,CONTSUMMARY,CONTACT,CONTSUMMARY --> CONTACT,CONT_ID,CONT_ID
298,IBM MDM,IBM MDM Physical Datamodel v11.3_extract_1,IDENTIFIER,CONTACT,IDENTIFIER --> CONTACT,CONT_ID,CONT_ID
299,IBM MDM,IBM MDM Physical Datamodel v11.3_extract_1,INACTIVATEDCONT,CONTACT,INACTIVATEDCONT --> CONTACT,CONT_ID,CONT_ID
300,IBM MDM,IBM MDM Physical Datamodel v11.3_extract_1,INCOMESOURCE,CONTACT,INCOMESOURCE --> CONTACT,CONT_ID,CONT_ID
301,IBM MDM,IBM MDM Physical Datamodel v11.3_extract_1,LOCATIONGROUP,CONTACT,LOCATIONGROUP --> CONTACT,CONT_ID,CONT_ID
302,IBM MDM,IBM MDM Physical Datamodel v11.3_extract_1,ORG,CONTACT,ORG --> CONTACT,CONT_ID,CONT_ID
303,IBM MDM,IBM MDM Physical Datamodel v11.3_extract_1,ORGNAME,CONTACT,ORGNAME --> CONTACT,CONT_ID,CONT_ID
304,IBM MDM,IBM MDM Physical Datamodel v11.3_extract_1,PAYMENTSOURCE,CONTACT,PAYMENTSOURCE --> CONTACT,CONT_ID,CONT_ID
305,IBM MDM,IBM MDM Physical Datamodel v11.3_extract_1,PERSON,CONTACT,PERSON --> CONTACT,CONT_ID,CONT_ID
306,IBM MDM,IBM MDM Physical Datamodel v11.3_extract_1,PERSONNAME,CONTACT,PERSONNAME --> CONTACT,CONT_ID,CONT_ID
307,IBM MDM,IBM MDM Physical Datamodel v11.3_extract_1,PERSONSEARCH,CONTACT,PERSONSEARCH --> CONTACT,CONT_ID,CONT_ID
308,IBM MDM,IBM MDM Physical Datamodel v11.3_extract_1,PRODUCTPARTYROLE,CONTACT,PRODUCTPARTYROLE --> CONTACT,CONT_ID,CONT_ID
309,IBM MDM,IBM MDM Physical Datamodel v11.3_extract_1,SUSPECT,CONTACT,SUSPECT --> CONTACT,CONT_ID,CONT_ID
310,IBM MDM,IBM MDM Physical Datamodel v11.3_extract_1,USERTABLE,CONTACT,USERTABLE --> CONTACT,CONT_ID,CONT_ID
311,IBM MDM,IBM MDM Physical Datamodel v11.3_extract_1,CONTACTMETHODGROUP,CONTACTMETHOD,CONTACTMETHODGROUP --> CONTACTMETHOD,CONTACT_METHOD_ID,CONTACT_METHOD_ID
312,IBM MDM,IBM MDM Physical Datamodel v11.3_extract_1,PHONENUMBER,CONTACTMETHOD,PHONENUMBER --> CONTACTMETHOD,CONTACT_METHOD_ID,CONTACT_METHOD_ID
313,IBM MDM,IBM MDM Physical Datamodel v11.3_extract_1,ADDRESSGROUP,CONTACTMETHODGROUP,ADDRESSGROUP --> CONTACTMETHODGROUP,LOCATION_GROUP_ID,LOCATION_GROUP_ID
314,IBM MDM,IBM MDM Physical Datamodel v11.3_extract_1,LOCATIONGROUP,CONTACTMETHODGROUP,LOCATIONGROUP --> CONTACTMETHODGROUP,LOCATION_GROUP_ID,LOCATION_GROUP_ID
315,IBM MDM,IBM MDM Physical Datamodel v11.3_extract_1,ROLELOCATION,CONTACTMETHODGROUP,ROLELOCATION --> CONTACTMETHODGROUP,LOCATION_GROUP_ID,LOCATION_GROUP_ID
316,IBM MDM,IBM MDM Physical Datamodel v11.3_extract_1,MACROROLEASSOC,CONTMACROROLE,MACROROLEASSOC --> CONTMACROROLE,CONT_MACRO_ROLE_ID,CONT_MACRO_ROLE_ID
317,IBM MDM,IBM MDM Physical Datamodel v11.3_extract_1,BILLINGSUMMARY,CONTRACT,BILLINGSUMMARY --> CONTRACT,CONTRACT_ID,CONTRACT_ID
318,IBM MDM,IBM MDM Physical Datamodel v11.3_extract_1,CLAIMCONTRACT,CONTRACT,CLAIMCONTRACT --> CONTRACT,CONTRACT_ID,CONTRACT_ID
319,IBM MDM,IBM MDM Physical Datamodel v11.3_extract_1,CONTRACTCOMPONENT,CONTRACT,CONTRACTCOMPONENT --> CONTRACT,CONTRACT_ID,CONTRACT_ID
320,IBM MDM,IBM MDM Physical Datamodel v11.3_extract_1,NATIVEKEY,CONTRACT,NATIVEKEY --> CONTRACT,CONTRACT_ID,CONTRACT_ID
321,IBM MDM,IBM MDM Physical Datamodel v11.3_extract_1,PRODUCT,CONTRACT,PRODUCT --> CONTRACT,CONTRACT_ID,CONTRACT_ID
322,IBM MDM,IBM MDM Physical Datamodel v11.3_extract_1,PRODUCTCONTRACTREL,CONTRACT,PRODUCTCONTRACTREL --> CONTRACT,CONTRACT_ID,CONTRACT_ID
323,IBM MDM,IBM MDM Physical Datamodel v11.3_extract_1,BILLINGSUMMARY,CONTRACTCOMPONENT,BILLINGSUMMARY --> CONTRACTCOMPONENT,CONTR_COMPONENT_ID,CONTR_COMPONENT_ID
324,IBM MDM,IBM MDM Physical Datamodel v11.3_extract_1,CONTRACTCOMPVAL,CONTRACTCOMPONENT,CONTRACTCOMPVAL --> CONTRACTCOMPONENT,CONTR_COMPONENT_ID,CONTR_COMPONENT_ID
325,IBM MDM,IBM MDM Physical Datamodel v11.3_extract_1,CONTRACTROLE,CONTRACTCOMPONENT,CONTRACTROLE --> CONTRACTCOMPONENT,CONTR_COMPONENT_ID,CONTR_COMPONENT_ID
326,IBM MDM,IBM MDM Physical Datamodel v11.3_extract_1,ROLEIDENTIFIER,CONTRACTROLE,ROLEIDENTIFIER --> CONTRACTROLE,CONTRACT_ROLE_ID,CONTRACT_ROLE_ID
327,IBM MDM,IBM MDM Physical Datamodel v11.3_extract_1,ROLELOCATION,CONTRACTROLE,ROLELOCATION --> CONTRACTROLE,CONTRACT_ROLE_ID,CONTRACT_ROLE_ID
328,IBM MDM,IBM MDM Physical Datamodel v11.3_extract_1,ROLESITUATION,CONTRACTROLE,ROLESITUATION --> CONTRACTROLE,CONTRACT_ROLE_ID,CONTRACT_ROLE_ID
329,IBM MDM,IBM MDM Physical Datamodel v11.3_extract_1,CLAIMROLE,CONTSUMMARY,CLAIMROLE --> CONTSUMMARY,CONT_ID,CONT_ID
330,IBM MDM,IBM MDM Physical Datamodel v11.3_extract_1,CONTACT,CONTSUMMARY,CONTACT --> CONTSUMMARY,CONT_ID,CONT_ID
331,IBM MDM,IBM MDM Physical Datamodel v11.3_extract_1,CONTACTCDC,CONTSUMMARY,CONTACTCDC --> CONTSUMMARY,CONT_ID,CONT_ID
332,IBM MDM,IBM MDM Physical Datamodel v11.3_extract_1,CONTACTDEMOGRAPHICS,CONTSUMMARY,CONTACTDEMOGRAPHICS --> CONTSUMMARY,CONT_ID,CONT_ID
333,IBM MDM,IBM MDM Physical Datamodel v11.3_extract_1,CONTEQUIV,CONTSUMMARY,CONTEQUIV --> CONTSUMMARY,CONT_ID,CONT_ID
334,IBM MDM,IBM MDM Physical Datamodel v11.3_extract_1,CONTMACROROLE,CONTSUMMARY,CONTMACROROLE --> CONTSUMMARY,CONT_ID,CONT_ID
335,IBM MDM,IBM MDM Physical Datamodel v11.3_extract_1,CONTRACTROLE,CONTSUMMARY,CONTRACTROLE --> CONTSUMMARY,CONT_ID,CONT_ID
336,IBM MDM,IBM MDM Physical Datamodel v11.3_extract_1,IDENTIFIER,CONTSUMMARY,IDENTIFIER --> CONTSUMMARY,CONT_ID,CONT_ID
337,IBM MDM,IBM MDM Physical Datamodel v11.3_extract_1,INACTIVATEDCONT,CONTSUMMARY,INACTIVATEDCONT --> CONTSUMMARY,CONT_ID,CONT_ID
338,IBM MDM,IBM MDM Physical Datamodel v11.3_extract_1,INCOMESOURCE,CONTSUMMARY,INCOMESOURCE --> CONTSUMMARY,CONT_ID,CONT_ID
339,IBM MDM,IBM MDM Physical Datamodel v11.3_extract_1,LOCATIONGROUP,CONTSUMMARY,LOCATIONGROUP --> CONTSUMMARY,CONT_ID,CONT_ID
340,IBM MDM,IBM MDM Physical Datamodel v11.3_extract_1,ORG,CONTSUMMARY,ORG --> CONTSUMMARY,CONT_ID,CONT_ID
341,IBM MDM,IBM MDM Physical Datamodel v11.3_extract_1,ORGNAME,CONTSUMMARY,ORGNAME --> CONTSUMMARY,CONT_ID,CONT_ID
342,IBM MDM,IBM MDM Physical Datamodel v11.3_extract_1,PAYMENTSOURCE,CONTSUMMARY,PAYMENTSOURCE --> CONTSUMMARY,CONT_ID,CONT_ID
343,IBM MDM,IBM MDM Physical Datamodel v11.3_extract_1,PERSON,CONTSUMMARY,PERSON --> CONTSUMMARY,CONT_ID,CONT_ID
344,IBM MDM,IBM MDM Physical Datamodel v11.3_extract_1,PERSONNAME,CONTSUMMARY,PERSONNAME --> CONTSUMMARY,CONT_ID,CONT_ID
345,IBM MDM,IBM MDM Physical Datamodel v11.3_extract_1,PERSONSEARCH,CONTSUMMARY,PERSONSEARCH --> CONTSUMMARY,CONT_ID,CONT_ID
346,IBM MDM,IBM MDM Physical Datamodel v11.3_extract_1,PRODUCTPARTYROLE,CONTSUMMARY,PRODUCTPARTYROLE --> CONTSUMMARY,CONT_ID,CONT_ID
347,IBM MDM,IBM MDM Physical Datamodel v11.3_extract_1,SUSPECT,CONTSUMMARY,SUSPECT --> CONTSUMMARY,CONT_ID,CONT_ID
348,IBM MDM,IBM MDM Physical Datamodel v11.3_extract_1,USERTABLE,CONTSUMMARY,USERTABLE --> CONTSUMMARY,CONT_ID,CONT_ID
349,IBM MDM,IBM MDM Physical Datamodel v11.3_extract_1,EME_RECBKTD,EME_RECCHKD,EME_RECBKTD --> EME_RECCHKD,RECNO,RECNO
350,IBM MDM,IBM MDM Physical Datamodel v11.3_extract_1,EME_RECCMPD,EME_RECCHKD,EME_RECCMPD --> EME_RECCHKD,RECNO,RECNO
351,IBM MDM,IBM MDM Physical Datamodel v11.3_extract_1,EME_RECHEAD,EME_RECCHKD,EME_RECHEAD --> EME_RECCHKD,RECNO,RECNO
352,IBM MDM,IBM MDM Physical Datamodel v11.3_extract_1,CONTRACT,FINANCIALPRODUCT,CONTRACT --> FINANCIALPRODUCT,PRODUCT_ID,PRODUCT_ID
353,IBM MDM,IBM MDM Physical Datamodel v11.3_extract_1,GOODSPRODUCT,FINANCIALPRODUCT,GOODSPRODUCT --> FINANCIALPRODUCT,PRODUCT_ID,PRODUCT_ID
354,IBM MDM,IBM MDM Physical Datamodel v11.3_extract_1,INSURANCEPRODUCT,FINANCIALPRODUCT,INSURANCEPRODUCT --> FINANCIALPRODUCT,PRODUCT_ID,PRODUCT_ID
355,IBM MDM,IBM MDM Physical Datamodel v11.3_extract_1,PRODUCT,FINANCIALPRODUCT,PRODUCT --> FINANCIALPRODUCT,PRODUCT_ID,PRODUCT_ID
356,IBM MDM,IBM MDM Physical Datamodel v11.3_extract_1,PRODUCTCATEGORYASSOC,FINANCIALPRODUCT,PRODUCTCATEGORYASSOC --> FINANCIALPRODUCT,PRODUCT_ID,PRODUCT_ID
357,IBM MDM,IBM MDM Physical Datamodel v11.3_extract_1,PRODUCTCONTRACTREL,FINANCIALPRODUCT,PRODUCTCONTRACTREL --> FINANCIALPRODUCT,PRODUCT_ID,PRODUCT_ID
358,IBM MDM,IBM MDM Physical Datamodel v11.3_extract_1,PRODUCTEQUIV,FINANCIALPRODUCT,PRODUCTEQUIV --> FINANCIALPRODUCT,PRODUCT_ID,PRODUCT_ID
359,IBM MDM,IBM MDM Physical Datamodel v11.3_extract_1,PRODUCTIDENTIFIER,FINANCIALPRODUCT,PRODUCTIDENTIFIER --> FINANCIALPRODUCT,PRODUCT_ID,PRODUCT_ID
360,IBM MDM,IBM MDM Physical Datamodel v11.3_extract_1,PRODUCTNLS,FINANCIALPRODUCT,PRODUCTNLS --> FINANCIALPRODUCT,PRODUCT_ID,PRODUCT_ID
361,IBM MDM,IBM MDM Physical Datamodel v11.3_extract_1,PRODUCTPARTYROLE,FINANCIALPRODUCT,PRODUCTPARTYROLE --> FINANCIALPRODUCT,PRODUCT_ID,PRODUCT_ID
362,IBM MDM,IBM MDM Physical Datamodel v11.3_extract_1,PRODUCTVAL,FINANCIALPRODUCT,PRODUCTVAL --> FINANCIALPRODUCT,PRODUCT_ID,PRODUCT_ID
363,IBM MDM,IBM MDM Physical Datamodel v11.3_extract_1,PRODUCTVALINDEX,FINANCIALPRODUCT,PRODUCTVALINDEX --> FINANCIALPRODUCT,PRODUCT_ID,PRODUCT_ID
364,IBM MDM,IBM MDM Physical Datamodel v11.3_extract_1,PRODUCTVALNLSINDEX,FINANCIALPRODUCT,PRODUCTVALNLSINDEX --> FINANCIALPRODUCT,PRODUCT_ID,PRODUCT_ID
365,IBM MDM,IBM MDM Physical Datamodel v11.3_extract_1,SERVICEPRODUCT,FINANCIALPRODUCT,SERVICEPRODUCT --> FINANCIALPRODUCT,PRODUCT_ID,PRODUCT_ID
366,IBM MDM,IBM MDM Physical Datamodel v11.3_extract_1,CONTRACT,GOODSPRODUCT,CONTRACT --> GOODSPRODUCT,PRODUCT_ID,PRODUCT_ID
367,IBM MDM,IBM MDM Physical Datamodel v11.3_extract_1,FINANCIALPRODUCT,GOODSPRODUCT,FINANCIALPRODUCT --> GOODSPRODUCT,PRODUCT_ID,PRODUCT_ID
368,IBM MDM,IBM MDM Physical Datamodel v11.3_extract_1,INSURANCEPRODUCT,GOODSPRODUCT,INSURANCEPRODUCT --> GOODSPRODUCT,PRODUCT_ID,PRODUCT_ID
369,IBM MDM,IBM MDM Physical Datamodel v11.3_extract_1,PRODUCT,GOODSPRODUCT,PRODUCT --> GOODSPRODUCT,PRODUCT_ID,PRODUCT_ID
370,IBM MDM,IBM MDM Physical Datamodel v11.3_extract_1,PRODUCTCATEGORYASSOC,GOODSPRODUCT,PRODUCTCATEGORYASSOC --> GOODSPRODUCT,PRODUCT_ID,PRODUCT_ID
371,IBM MDM,IBM MDM Physical Datamodel v11.3_extract_1,PRODUCTCONTRACTREL,GOODSPRODUCT,PRODUCTCONTRACTREL --> GOODSPRODUCT,PRODUCT_ID,PRODUCT_ID
372,IBM MDM,IBM MDM Physical Datamodel v11.3_extract_1,PRODUCTEQUIV,GOODSPRODUCT,PRODUCTEQUIV --> GOODSPRODUCT,PRODUCT_ID,PRODUCT_ID
373,IBM MDM,IBM MDM Physical Datamodel v11.3_extract_1,PRODUCTIDENTIFIER,GOODSPRODUCT,PRODUCTIDENTIFIER --> GOODSPRODUCT,PRODUCT_ID,PRODUCT_ID
374,IBM MDM,IBM MDM Physical Datamodel v11.3_extract_1,PRODUCTNLS,GOODSPRODUCT,PRODUCTNLS --> GOODSPRODUCT,PRODUCT_ID,PRODUCT_ID
375,IBM MDM,IBM MDM Physical Datamodel v11.3_extract_1,PRODUCTPARTYROLE,GOODSPRODUCT,PRODUCTPARTYROLE --> GOODSPRODUCT,PRODUCT_ID,PRODUCT_ID
376,IBM MDM,IBM MDM Physical Datamodel v11.3_extract_1,PRODUCTVAL,GOODSPRODUCT,PRODUCTVAL --> GOODSPRODUCT,PRODUCT_ID,PRODUCT_ID
377,IBM MDM,IBM MDM Physical Datamodel v11.3_extract_1,PRODUCTVALINDEX,GOODSPRODUCT,PRODUCTVALINDEX --> GOODSPRODUCT,PRODUCT_ID,PRODUCT_ID
378,IBM MDM,IBM MDM Physical Datamodel v11.3_extract_1,PRODUCTVALNLSINDEX,GOODSPRODUCT,PRODUCTVALNLSINDEX --> GOODSPRODUCT,PRODUCT_ID,PRODUCT_ID
379,IBM MDM,IBM MDM Physical Datamodel v11.3_extract_1,SERVICEPRODUCT,GOODSPRODUCT,SERVICEPRODUCT --> GOODSPRODUCT,PRODUCT_ID,PRODUCT_ID
380,IBM MDM,IBM MDM Physical Datamodel v11.3_extract_1,CONTRACTCOMPONENT,HOLDING,CONTRACTCOMPONENT --> HOLDING,HOLDING_ID,HOLDING_ID
381,IBM MDM,IBM MDM Physical Datamodel v11.3_extract_1,PROPERTY,HOLDING,PROPERTY --> HOLDING,HOLDING_ID,HOLDING_ID
382,IBM MDM,IBM MDM Physical Datamodel v11.3_extract_1,VEHICLE,HOLDING,VEHICLE --> HOLDING,HOLDING_ID,HOLDING_ID
383,IBM MDM,IBM MDM Physical Datamodel v11.3_extract_1,ROLEIDENTIFIER,IDENTIFIER,ROLEIDENTIFIER --> IDENTIFIER,IDENTIFIER_ID,IDENTIFIER_ID
384,IBM MDM,IBM MDM Physical Datamodel v11.3_extract_1,CLAIMROLE,INACTIVATEDCONT,CLAIMROLE --> INACTIVATEDCONT,CONT_ID,CONT_ID
385,IBM MDM,IBM MDM Physical Datamodel v11.3_extract_1,CONTACT,INACTIVATEDCONT,CONTACT --> INACTIVATEDCONT,CONT_ID,CONT_ID
386,IBM MDM,IBM MDM Physical Datamodel v11.3_extract_1,CONTACTCDC,INACTIVATEDCONT,CONTACTCDC --> INACTIVATEDCONT,CONT_ID,CONT_ID
387,IBM MDM,IBM MDM Physical Datamodel v11.3_extract_1,CONTACTDEMOGRAPHICS,INACTIVATEDCONT,CONTACTDEMOGRAPHICS --> INACTIVATEDCONT,CONT_ID,CONT_ID
388,IBM MDM,IBM MDM Physical Datamodel v11.3_extract_1,CONTEQUIV,INACTIVATEDCONT,CONTEQUIV --> INACTIVATEDCONT,CONT_ID,CONT_ID
389,IBM MDM,IBM MDM Physical Datamodel v11.3_extract_1,CONTMACROROLE,INACTIVATEDCONT,CONTMACROROLE --> INACTIVATEDCONT,CONT_ID,CONT_ID
390,IBM MDM,IBM MDM Physical Datamodel v11.3_extract_1,CONTRACTROLE,INACTIVATEDCONT,CONTRACTROLE --> INACTIVATEDCONT,CONT_ID,CONT_ID
391,IBM MDM,IBM MDM Physical Datamodel v11.3_extract_1,CONTSUMMARY,INACTIVATEDCONT,CONTSUMMARY --> INACTIVATEDCONT,CONT_ID,CONT_ID
392,IBM MDM,IBM MDM Physical Datamodel v11.3_extract_1,IDENTIFIER,INACTIVATEDCONT,IDENTIFIER --> INACTIVATEDCONT,CONT_ID,CONT_ID
393,IBM MDM,IBM MDM Physical Datamodel v11.3_extract_1,INCOMESOURCE,INACTIVATEDCONT,INCOMESOURCE --> INACTIVATEDCONT,CONT_ID,CONT_ID
394,IBM MDM,IBM MDM Physical Datamodel v11.3_extract_1,LOCATIONGROUP,INACTIVATEDCONT,LOCATIONGROUP --> INACTIVATEDCONT,CONT_ID,CONT_ID
395,IBM MDM,IBM MDM Physical Datamodel v11.3_extract_1,ORG,INACTIVATEDCONT,ORG --> INACTIVATEDCONT,CONT_ID,CONT_ID
396,IBM MDM,IBM MDM Physical Datamodel v11.3_extract_1,ORGNAME,INACTIVATEDCONT,ORGNAME --> INACTIVATEDCONT,CONT_ID,CONT_ID
397,IBM MDM,IBM MDM Physical Datamodel v11.3_extract_1,PAYMENTSOURCE,INACTIVATEDCONT,PAYMENTSOURCE --> INACTIVATEDCONT,CONT_ID,CONT_ID
398,IBM MDM,IBM MDM Physical Datamodel v11.3_extract_1,PERSON,INACTIVATEDCONT,PERSON --> INACTIVATEDCONT,CONT_ID,CONT_ID
399,IBM MDM,IBM MDM Physical Datamodel v11.3_extract_1,PERSONNAME,INACTIVATEDCONT,PERSONNAME --> INACTIVATEDCONT,CONT_ID,CONT_ID
400,IBM MDM,IBM MDM Physical Datamodel v11.3_extract_1,PERSONSEARCH,INACTIVATEDCONT,PERSONSEARCH --> INACTIVATEDCONT,CONT_ID,CONT_ID
401,IBM MDM,IBM MDM Physical Datamodel v11.3_extract_1,PRODUCTPARTYROLE,INACTIVATEDCONT,PRODUCTPARTYROLE --> INACTIVATEDCONT,CONT_ID,CONT_ID
402,IBM MDM,IBM MDM Physical Datamodel v11.3_extract_1,SUSPECT,INACTIVATEDCONT,SUSPECT --> INACTIVATEDCONT,CONT_ID,CONT_ID
403,IBM MDM,IBM MDM Physical Datamodel v11.3_extract_1,USERTABLE,INACTIVATEDCONT,USERTABLE --> INACTIVATEDCONT,CONT_ID,CONT_ID
404,IBM MDM,IBM MDM Physical Datamodel v11.3_extract_1,CONTRACT,INSURANCEPRODUCT,CONTRACT --> INSURANCEPRODUCT,PRODUCT_ID,PRODUCT_ID
405,IBM MDM,IBM MDM Physical Datamodel v11.3_extract_1,FINANCIALPRODUCT,INSURANCEPRODUCT,FINANCIALPRODUCT --> INSURANCEPRODUCT,PRODUCT_ID,PRODUCT_ID
406,IBM MDM,IBM MDM Physical Datamodel v11.3_extract_1,GOODSPRODUCT,INSURANCEPRODUCT,GOODSPRODUCT --> INSURANCEPRODUCT,PRODUCT_ID,PRODUCT_ID
407,IBM MDM,IBM MDM Physical Datamodel v11.3_extract_1,PRODUCT,INSURANCEPRODUCT,PRODUCT --> INSURANCEPRODUCT,PRODUCT_ID,PRODUCT_ID
408,IBM MDM,IBM MDM Physical Datamodel v11.3_extract_1,PRODUCTCATEGORYASSOC,INSURANCEPRODUCT,PRODUCTCATEGORYASSOC --> INSURANCEPRODUCT,PRODUCT_ID,PRODUCT_ID
409,IBM MDM,IBM MDM Physical Datamodel v11.3_extract_1,PRODUCTCONTRACTREL,INSURANCEPRODUCT,PRODUCTCONTRACTREL --> INSURANCEPRODUCT,PRODUCT_ID,PRODUCT_ID
410,IBM MDM,IBM MDM Physical Datamodel v11.3_extract_1,PRODUCTEQUIV,INSURANCEPRODUCT,PRODUCTEQUIV --> INSURANCEPRODUCT,PRODUCT_ID,PRODUCT_ID
411,IBM MDM,IBM MDM Physical Datamodel v11.3_extract_1,PRODUCTIDENTIFIER,INSURANCEPRODUCT,PRODUCTIDENTIFIER --> INSURANCEPRODUCT,PRODUCT_ID,PRODUCT_ID
412,IBM MDM,IBM MDM Physical Datamodel v11.3_extract_1,PRODUCTNLS,INSURANCEPRODUCT,PRODUCTNLS --> INSURANCEPRODUCT,PRODUCT_ID,PRODUCT_ID
413,IBM MDM,IBM MDM Physical Datamodel v11.3_extract_1,PRODUCTPARTYROLE,INSURANCEPRODUCT,PRODUCTPARTYROLE --> INSURANCEPRODUCT,PRODUCT_ID,PRODUCT_ID
414,IBM MDM,IBM MDM Physical Datamodel v11.3_extract_1,PRODUCTVAL,INSURANCEPRODUCT,PRODUCTVAL --> INSURANCEPRODUCT,PRODUCT_ID,PRODUCT_ID
415,IBM MDM,IBM MDM Physical Datamodel v11.3_extract_1,PRODUCTVALINDEX,INSURANCEPRODUCT,PRODUCTVALINDEX --> INSURANCEPRODUCT,PRODUCT_ID,PRODUCT_ID
416,IBM MDM,IBM MDM Physical Datamodel v11.3_extract_1,PRODUCTVALNLSINDEX,INSURANCEPRODUCT,PRODUCTVALNLSINDEX --> INSURANCEPRODUCT,PRODUCT_ID,PRODUCT_ID
417,IBM MDM,IBM MDM Physical Datamodel v11.3_extract_1,SERVICEPRODUCT,INSURANCEPRODUCT,SERVICEPRODUCT --> INSURANCEPRODUCT,PRODUCT_ID,PRODUCT_ID
418,IBM MDM,IBM MDM Physical Datamodel v11.3_extract_1,ADDRESSGROUP,LOCATIONGROUP,ADDRESSGROUP --> LOCATIONGROUP,LOCATION_GROUP_ID,LOCATION_GROUP_ID
419,IBM MDM,IBM MDM Physical Datamodel v11.3_extract_1,CONTACTMETHODGROUP,LOCATIONGROUP,CONTACTMETHODGROUP --> LOCATIONGROUP,LOCATION_GROUP_ID,LOCATION_GROUP_ID
420,IBM MDM,IBM MDM Physical Datamodel v11.3_extract_1,ROLELOCATION,LOCATIONGROUP,ROLELOCATION --> LOCATIONGROUP,LOCATION_GROUP_ID,LOCATION_GROUP_ID
421,IBM MDM,IBM MDM Physical Datamodel v11.3_extract_1,CLAIMROLE,ORG,CLAIMROLE --> ORG,CONT_ID,CONT_ID
422,IBM MDM,IBM MDM Physical Datamodel v11.3_extract_1,CONTACT,ORG,CONTACT --> ORG,CONT_ID,CONT_ID
423,IBM MDM,IBM MDM Physical Datamodel v11.3_extract_1,CONTACTCDC,ORG,CONTACTCDC --> ORG,CONT_ID,CONT_ID
424,IBM MDM,IBM MDM Physical Datamodel v11.3_extract_1,CONTACTDEMOGRAPHICS,ORG,CONTACTDEMOGRAPHICS --> ORG,CONT_ID,CONT_ID
425,IBM MDM,IBM MDM Physical Datamodel v11.3_extract_1,CONTEQUIV,ORG,CONTEQUIV --> ORG,CONT_ID,CONT_ID
426,IBM MDM,IBM MDM Physical Datamodel v11.3_extract_1,CONTMACROROLE,ORG,CONTMACROROLE --> ORG,CONT_ID,CONT_ID
427,IBM MDM,IBM MDM Physical Datamodel v11.3_extract_1,CONTRACTROLE,ORG,CONTRACTROLE --> ORG,CONT_ID,CONT_ID
428,IBM MDM,IBM MDM Physical Datamodel v11.3_extract_1,CONTSUMMARY,ORG,CONTSUMMARY --> ORG,CONT_ID,CONT_ID
429,IBM MDM,IBM MDM Physical Datamodel v11.3_extract_1,IDENTIFIER,ORG,IDENTIFIER --> ORG,CONT_ID,CONT_ID
430,IBM MDM,IBM MDM Physical Datamodel v11.3_extract_1,INACTIVATEDCONT,ORG,INACTIVATEDCONT --> ORG,CONT_ID,CONT_ID
431,IBM MDM,IBM MDM Physical Datamodel v11.3_extract_1,INCOMESOURCE,ORG,INCOMESOURCE --> ORG,CONT_ID,CONT_ID
432,IBM MDM,IBM MDM Physical Datamodel v11.3_extract_1,LOCATIONGROUP,ORG,LOCATIONGROUP --> ORG,CONT_ID,CONT_ID
433,IBM MDM,IBM MDM Physical Datamodel v11.3_extract_1,ORGNAME,ORG,ORGNAME --> ORG,CONT_ID,CONT_ID
434,IBM MDM,IBM MDM Physical Datamodel v11.3_extract_1,PAYMENTSOURCE,ORG,PAYMENTSOURCE --> ORG,CONT_ID,CONT_ID
435,IBM MDM,IBM MDM Physical Datamodel v11.3_extract_1,PERSON,ORG,PERSON --> ORG,CONT_ID,CONT_ID
436,IBM MDM,IBM MDM Physical Datamodel v11.3_extract_1,PERSONNAME,ORG,PERSONNAME --> ORG,CONT_ID,CONT_ID
437,IBM MDM,IBM MDM Physical Datamodel v11.3_extract_1,PERSONSEARCH,ORG,PERSONSEARCH --> ORG,CONT_ID,CONT_ID
438,IBM MDM,IBM MDM Physical Datamodel v11.3_extract_1,PRODUCTPARTYROLE,ORG,PRODUCTPARTYROLE --> ORG,CONT_ID,CONT_ID
439,IBM MDM,IBM MDM Physical Datamodel v11.3_extract_1,SUSPECT,ORG,SUSPECT --> ORG,CONT_ID,CONT_ID
440,IBM MDM,IBM MDM Physical Datamodel v11.3_extract_1,USERTABLE,ORG,USERTABLE --> ORG,CONT_ID,CONT_ID
441,IBM MDM,IBM MDM Physical Datamodel v11.3_extract_1,BANKACCOUNT,PAYMENTSOURCE,BANKACCOUNT --> PAYMENTSOURCE,PAYMENT_SOURCE_ID,PAYMENT_SOURCE_ID
442,IBM MDM,IBM MDM Physical Datamodel v11.3_extract_1,BILLINGSUMMARY,PAYMENTSOURCE,BILLINGSUMMARY --> PAYMENTSOURCE,PAYMENT_SOURCE_ID,PAYMENT_SOURCE_ID
443,IBM MDM,IBM MDM Physical Datamodel v11.3_extract_1,CHARGECARD,PAYMENTSOURCE,CHARGECARD --> PAYMENTSOURCE,PAYMENT_SOURCE_ID,PAYMENT_SOURCE_ID
444,IBM MDM,IBM MDM Physical Datamodel v11.3_extract_1,PAYROLLDEDUCTION,PAYMENTSOURCE,PAYROLLDEDUCTION --> PAYMENTSOURCE,PAYMENT_SOURCE_ID,PAYMENT_SOURCE_ID
445,IBM MDM,IBM MDM Physical Datamodel v11.3_extract_1,BANKACCOUNT,PAYROLLDEDUCTION,BANKACCOUNT --> PAYROLLDEDUCTION,PAYMENT_SOURCE_ID,PAYMENT_SOURCE_ID
446,IBM MDM,IBM MDM Physical Datamodel v11.3_extract_1,BILLINGSUMMARY,PAYROLLDEDUCTION,BILLINGSUMMARY --> PAYROLLDEDUCTION,PAYMENT_SOURCE_ID,PAYMENT_SOURCE_ID
447,IBM MDM,IBM MDM Physical Datamodel v11.3_extract_1,CHARGECARD,PAYROLLDEDUCTION,CHARGECARD --> PAYROLLDEDUCTION,PAYMENT_SOURCE_ID,PAYMENT_SOURCE_ID
448,IBM MDM,IBM MDM Physical Datamodel v11.3_extract_1,PAYMENTSOURCE,PAYROLLDEDUCTION,PAYMENTSOURCE --> PAYROLLDEDUCTION,PAYMENT_SOURCE_ID,PAYMENT_SOURCE_ID
449,IBM MDM,IBM MDM Physical Datamodel v11.3_extract_1,CLAIMROLE,PERSON,CLAIMROLE --> PERSON,CONT_ID,CONT_ID
450,IBM MDM,IBM MDM Physical Datamodel v11.3_extract_1,CONTACT,PERSON,CONTACT --> PERSON,CONT_ID,CONT_ID
451,IBM MDM,IBM MDM Physical Datamodel v11.3_extract_1,CONTACTCDC,PERSON,CONTACTCDC --> PERSON,CONT_ID,CONT_ID
452,IBM MDM,IBM MDM Physical Datamodel v11.3_extract_1,CONTACTDEMOGRAPHICS,PERSON,CONTACTDEMOGRAPHICS --> PERSON,CONT_ID,CONT_ID
453,IBM MDM,IBM MDM Physical Datamodel v11.3_extract_1,CONTEQUIV,PERSON,CONTEQUIV --> PERSON,CONT_ID,CONT_ID
454,IBM MDM,IBM MDM Physical Datamodel v11.3_extract_1,CONTMACROROLE,PERSON,CONTMACROROLE --> PERSON,CONT_ID,CONT_ID
455,IBM MDM,IBM MDM Physical Datamodel v11.3_extract_1,CONTRACTROLE,PERSON,CONTRACTROLE --> PERSON,CONT_ID,CONT_ID
456,IBM MDM,IBM MDM Physical Datamodel v11.3_extract_1,CONTSUMMARY,PERSON,CONTSUMMARY --> PERSON,CONT_ID,CONT_ID
457,IBM MDM,IBM MDM Physical Datamodel v11.3_extract_1,IDENTIFIER,PERSON,IDENTIFIER --> PERSON,CONT_ID,CONT_ID
458,IBM MDM,IBM MDM Physical Datamodel v11.3_extract_1,INACTIVATEDCONT,PERSON,INACTIVATEDCONT --> PERSON,CONT_ID,CONT_ID
459,IBM MDM,IBM MDM Physical Datamodel v11.3_extract_1,INCOMESOURCE,PERSON,INCOMESOURCE --> PERSON,CONT_ID,CONT_ID
460,IBM MDM,IBM MDM Physical Datamodel v11.3_extract_1,LOCATIONGROUP,PERSON,LOCATIONGROUP --> PERSON,CONT_ID,CONT_ID
461,IBM MDM,IBM MDM Physical Datamodel v11.3_extract_1,ORG,PERSON,ORG --> PERSON,CONT_ID,CONT_ID
462,IBM MDM,IBM MDM Physical Datamodel v11.3_extract_1,ORGNAME,PERSON,ORGNAME --> PERSON,CONT_ID,CONT_ID
463,IBM MDM,IBM MDM Physical Datamodel v11.3_extract_1,PAYMENTSOURCE,PERSON,PAYMENTSOURCE --> PERSON,CONT_ID,CONT_ID
464,IBM MDM,IBM MDM Physical Datamodel v11.3_extract_1,PERSONNAME,PERSON,PERSONNAME --> PERSON,CONT_ID,CONT_ID
465,IBM MDM,IBM MDM Physical Datamodel v11.3_extract_1,PERSONSEARCH,PERSON,PERSONSEARCH --> PERSON,CONT_ID,CONT_ID
466,IBM MDM,IBM MDM Physical Datamodel v11.3_extract_1,PRODUCTPARTYROLE,PERSON,PRODUCTPARTYROLE --> PERSON,CONT_ID,CONT_ID
467,IBM MDM,IBM MDM Physical Datamodel v11.3_extract_1,SUSPECT,PERSON,SUSPECT --> PERSON,CONT_ID,CONT_ID
468,IBM MDM,IBM MDM Physical Datamodel v11.3_extract_1,USERTABLE,PERSON,USERTABLE --> PERSON,CONT_ID,CONT_ID
469,IBM MDM,IBM MDM Physical Datamodel v11.3_extract_1,PERSONSEARCH,PERSONNAME,PERSONSEARCH --> PERSONNAME,PERSON_NAME_ID,PERSON_NAME_ID
470,IBM MDM,IBM MDM Physical Datamodel v11.3_extract_1,PRIVPREF,PPREFACTIONOPT,PRIVPREF --> PPREFACTIONOPT,PPREF_ACT_OPT_ID,PPREF_ACT_OPT_ID
471,IBM MDM,IBM MDM Physical Datamodel v11.3_extract_1,PPREFENTITY,PPREFDEF,PPREFENTITY --> PPREFDEF,PPREF_ID,PPREF_ID
472,IBM MDM,IBM MDM Physical Datamodel v11.3_extract_1,PPREFINSTANCE,PPREFDEF,PPREFINSTANCE --> PPREFDEF,PPREF_ID,PPREF_ID
473,IBM MDM,IBM MDM Physical Datamodel v11.3_extract_1,PRIVPREF,PPREFDEF,PRIVPREF --> PPREFDEF,PPREF_ID,PPREF_ID
474,IBM MDM,IBM MDM Physical Datamodel v11.3_extract_1,PPREFDEF,PPREFENTITY,PPREFDEF --> PPREFENTITY,PPREF_ID,PPREF_ID
475,IBM MDM,IBM MDM Physical Datamodel v11.3_extract_1,PPREFINSTANCE,PPREFENTITY,PPREFINSTANCE --> PPREFENTITY,PPREF_ID,PPREF_ID
476,IBM MDM,IBM MDM Physical Datamodel v11.3_extract_1,PRIVPREF,PPREFENTITY,PRIVPREF --> PPREFENTITY,PPREF_ID,PPREF_ID
477,IBM MDM,IBM MDM Physical Datamodel v11.3_extract_1,PPREFDEF,PRIVPREF,PPREFDEF --> PRIVPREF,PPREF_ID,PPREF_ID
478,IBM MDM,IBM MDM Physical Datamodel v11.3_extract_1,PPREFENTITY,PRIVPREF,PPREFENTITY --> PRIVPREF,PPREF_ID,PPREF_ID
479,IBM MDM,IBM MDM Physical Datamodel v11.3_extract_1,PPREFINSTANCE,PRIVPREF,PPREFINSTANCE --> PRIVPREF,PPREF_ID,PPREF_ID
480,IBM MDM,IBM MDM Physical Datamodel v11.3_extract_1,CONTRACT,PRODUCT,CONTRACT --> PRODUCT,PRODUCT_ID,PRODUCT_ID
481,IBM MDM,IBM MDM Physical Datamodel v11.3_extract_1,FINANCIALPRODUCT,PRODUCT,FINANCIALPRODUCT --> PRODUCT,PRODUCT_ID,PRODUCT_ID
482,IBM MDM,IBM MDM Physical Datamodel v11.3_extract_1,GOODSPRODUCT,PRODUCT,GOODSPRODUCT --> PRODUCT,PRODUCT_ID,PRODUCT_ID
483,IBM MDM,IBM MDM Physical Datamodel v11.3_extract_1,INSURANCEPRODUCT,PRODUCT,INSURANCEPRODUCT --> PRODUCT,PRODUCT_ID,PRODUCT_ID
484,IBM MDM,IBM MDM Physical Datamodel v11.3_extract_1,PRODUCTCATEGORYASSOC,PRODUCT,PRODUCTCATEGORYASSOC --> PRODUCT,PRODUCT_ID,PRODUCT_ID
485,IBM MDM,IBM MDM Physical Datamodel v11.3_extract_1,PRODUCTCONTRACTREL,PRODUCT,PRODUCTCONTRACTREL --> PRODUCT,PRODUCT_ID,PRODUCT_ID
486,IBM MDM,IBM MDM Physical Datamodel v11.3_extract_1,PRODUCTEQUIV,PRODUCT,PRODUCTEQUIV --> PRODUCT,PRODUCT_ID,PRODUCT_ID
487,IBM MDM,IBM MDM Physical Datamodel v11.3_extract_1,PRODUCTIDENTIFIER,PRODUCT,PRODUCTIDENTIFIER --> PRODUCT,PRODUCT_ID,PRODUCT_ID
488,IBM MDM,IBM MDM Physical Datamodel v11.3_extract_1,PRODUCTNLS,PRODUCT,PRODUCTNLS --> PRODUCT,PRODUCT_ID,PRODUCT_ID
489,IBM MDM,IBM MDM Physical Datamodel v11.3_extract_1,PRODUCTPARTYROLE,PRODUCT,PRODUCTPARTYROLE --> PRODUCT,PRODUCT_ID,PRODUCT_ID
490,IBM MDM,IBM MDM Physical Datamodel v11.3_extract_1,PRODUCTVAL,PRODUCT,PRODUCTVAL --> PRODUCT,PRODUCT_ID,PRODUCT_ID
491,IBM MDM,IBM MDM Physical Datamodel v11.3_extract_1,PRODUCTVALINDEX,PRODUCT,PRODUCTVALINDEX --> PRODUCT,PRODUCT_ID,PRODUCT_ID
492,IBM MDM,IBM MDM Physical Datamodel v11.3_extract_1,PRODUCTVALNLSINDEX,PRODUCT,PRODUCTVALNLSINDEX --> PRODUCT,PRODUCT_ID,PRODUCT_ID
493,IBM MDM,IBM MDM Physical Datamodel v11.3_extract_1,SERVICEPRODUCT,PRODUCT,SERVICEPRODUCT --> PRODUCT,PRODUCT_ID,PRODUCT_ID
494,IBM MDM,IBM MDM Physical Datamodel v11.3_extract_1,PRODUCTMATCHRESULT,PRODUCTSUSPECT,PRODUCTMATCHRESULT --> PRODUCTSUSPECT,SUSPECT_ID,SUSPECT_ID
495,IBM MDM,IBM MDM Physical Datamodel v11.3_extract_1,SUSPECT,PRODUCTSUSPECT,SUSPECT --> PRODUCTSUSPECT,SUSPECT_ID,SUSPECT_ID
496,IBM MDM,IBM MDM Physical Datamodel v11.3_extract_1,SUSPECTAUGMENT,PRODUCTSUSPECT,SUSPECTAUGMENT --> PRODUCTSUSPECT,SUSPECT_ID,SUSPECT_ID
497,IBM MDM,IBM MDM Physical Datamodel v11.3_extract_1,PRODUCT,PRODUCTTYPE,PRODUCT --> PRODUCTTYPE,PRODUCT_TYPE_ID,PRODUCT_TYPE_ID
498,IBM MDM,IBM MDM Physical Datamodel v11.3_extract_1,PRODUCTTYPENLS,PRODUCTTYPE,PRODUCTTYPENLS --> PRODUCTTYPE,PRODUCT_TYPE_ID,PRODUCT_TYPE_ID
499,IBM MDM,IBM MDM Physical Datamodel v11.3_extract_1,PRODUCTVALNLS,PRODUCTVAL,PRODUCTVALNLS --> PRODUCTVAL,PRODUCT_VALUES_ID,PRODUCT_VALUES_ID
500,IBM MDM,IBM MDM Physical Datamodel v11.3_extract_1,CONTRACTCOMPONENT,PROPERTY,CONTRACTCOMPONENT --> PROPERTY,HOLDING_ID,HOLDING_ID
501,IBM MDM,IBM MDM Physical Datamodel v11.3_extract_1,HOLDING,PROPERTY,HOLDING --> PROPERTY,HOLDING_ID,HOLDING_ID
502,IBM MDM,IBM MDM Physical Datamodel v11.3_extract_1,VEHICLE,PROPERTY,VEHICLE --> PROPERTY,HOLDING_ID,HOLDING_ID
503,IBM MDM,IBM MDM Physical Datamodel v11.3_extract_1,ROLELOCPURPOSE,ROLELOCATION,ROLELOCPURPOSE --> ROLELOCATION,ROLE_LOCATION_ID,ROLE_LOCATION_ID
504,IBM MDM,IBM MDM Physical Datamodel v11.3_extract_1,CONTRACT,SERVICEPRODUCT,CONTRACT --> SERVICEPRODUCT,PRODUCT_ID,PRODUCT_ID
505,IBM MDM,IBM MDM Physical Datamodel v11.3_extract_1,FINANCIALPRODUCT,SERVICEPRODUCT,FINANCIALPRODUCT --> SERVICEPRODUCT,PRODUCT_ID,PRODUCT_ID
506,IBM MDM,IBM MDM Physical Datamodel v11.3_extract_1,GOODSPRODUCT,SERVICEPRODUCT,GOODSPRODUCT --> SERVICEPRODUCT,PRODUCT_ID,PRODUCT_ID
507,IBM MDM,IBM MDM Physical Datamodel v11.3_extract_1,INSURANCEPRODUCT,SERVICEPRODUCT,INSURANCEPRODUCT --> SERVICEPRODUCT,PRODUCT_ID,PRODUCT_ID
508,IBM MDM,IBM MDM Physical Datamodel v11.3_extract_1,PRODUCT,SERVICEPRODUCT,PRODUCT --> SERVICEPRODUCT,PRODUCT_ID,PRODUCT_ID
509,IBM MDM,IBM MDM Physical Datamodel v11.3_extract_1,PRODUCTCATEGORYASSOC,SERVICEPRODUCT,PRODUCTCATEGORYASSOC --> SERVICEPRODUCT,PRODUCT_ID,PRODUCT_ID
510,IBM MDM,IBM MDM Physical Datamodel v11.3_extract_1,PRODUCTCONTRACTREL,SERVICEPRODUCT,PRODUCTCONTRACTREL --> SERVICEPRODUCT,PRODUCT_ID,PRODUCT_ID
511,IBM MDM,IBM MDM Physical Datamodel v11.3_extract_1,PRODUCTEQUIV,SERVICEPRODUCT,PRODUCTEQUIV --> SERVICEPRODUCT,PRODUCT_ID,PRODUCT_ID
512,IBM MDM,IBM MDM Physical Datamodel v11.3_extract_1,PRODUCTIDENTIFIER,SERVICEPRODUCT,PRODUCTIDENTIFIER --> SERVICEPRODUCT,PRODUCT_ID,PRODUCT_ID
513,IBM MDM,IBM MDM Physical Datamodel v11.3_extract_1,PRODUCTNLS,SERVICEPRODUCT,PRODUCTNLS --> SERVICEPRODUCT,PRODUCT_ID,PRODUCT_ID
514,IBM MDM,IBM MDM Physical Datamodel v11.3_extract_1,PRODUCTPARTYROLE,SERVICEPRODUCT,PRODUCTPARTYROLE --> SERVICEPRODUCT,PRODUCT_ID,PRODUCT_ID
515,IBM MDM,IBM MDM Physical Datamodel v11.3_extract_1,PRODUCTVAL,SERVICEPRODUCT,PRODUCTVAL --> SERVICEPRODUCT,PRODUCT_ID,PRODUCT_ID
516,IBM MDM,IBM MDM Physical Datamodel v11.3_extract_1,PRODUCTVALINDEX,SERVICEPRODUCT,PRODUCTVALINDEX --> SERVICEPRODUCT,PRODUCT_ID,PRODUCT_ID
517,IBM MDM,IBM MDM Physical Datamodel v11.3_extract_1,PRODUCTVALNLSINDEX,SERVICEPRODUCT,PRODUCTVALNLSINDEX --> SERVICEPRODUCT,PRODUCT_ID,PRODUCT_ID
518,IBM MDM,IBM MDM Physical Datamodel v11.3_extract_1,AGREEMENTSPECVAL,SPEC,AGREEMENTSPECVAL --> SPEC,SPEC_ID,SPEC_ID
519,IBM MDM,IBM MDM Physical Datamodel v11.3_extract_1,CDDEMOGRAPHICSTP,SPEC,CDDEMOGRAPHICSTP --> SPEC,SPEC_ID,SPEC_ID
520,IBM MDM,IBM MDM Physical Datamodel v11.3_extract_1,ENTITYSPECUSE,SPEC,ENTITYSPECUSE --> SPEC,SPEC_ID,SPEC_ID
521,IBM MDM,IBM MDM Physical Datamodel v11.3_extract_1,PRODUCTMATCHRESULT,SPEC,PRODUCTMATCHRESULT --> SPEC,SPEC_ID,SPEC_ID
522,IBM MDM,IBM MDM Physical Datamodel v11.3_extract_1,PRODUCTVAL,SPEC,PRODUCTVAL --> SPEC,SPEC_ID,SPEC_ID
523,IBM MDM,IBM MDM Physical Datamodel v11.3_extract_1,SPECFMT,SPEC,SPECFMT --> SPEC,SPEC_ID,SPEC_ID
524,IBM MDM,IBM MDM Physical Datamodel v11.3_extract_1,SPECSRCHATTR,SPEC,SPECSRCHATTR --> SPEC,SPEC_ID,SPEC_ID
525,IBM MDM,IBM MDM Physical Datamodel v11.3_extract_1,SPECFORMATTRANSLATION,SPECFMT,SPECFORMATTRANSLATION --> SPECFMT,SPEC_FORMAT_ID,SPEC_FORMAT_ID
526,IBM MDM,IBM MDM Physical Datamodel v11.3_extract_1,PRODUCTVALINDEX,SPECSRCHATTR,PRODUCTVALINDEX --> SPECSRCHATTR,SPEC_SRCH_ATTR_ID,SPEC_SRCH_ATTR_ID
527,IBM MDM,IBM MDM Physical Datamodel v11.3_extract_1,PRODUCTVALNLSINDEX,SPECSRCHATTR,PRODUCTVALNLSINDEX --> SPECSRCHATTR,SPEC_SRCH_ATTR_ID,SPEC_SRCH_ATTR_ID
528,IBM MDM,IBM MDM Physical Datamodel v11.3_extract_1,PRODUCTMATCHRESULT,SUSPECT,PRODUCTMATCHRESULT --> SUSPECT,SUSPECT_ID,SUSPECT_ID
529,IBM MDM,IBM MDM Physical Datamodel v11.3_extract_1,PRODUCTSUSPECT,SUSPECT,PRODUCTSUSPECT --> SUSPECT,SUSPECT_ID,SUSPECT_ID
530,IBM MDM,IBM MDM Physical Datamodel v11.3_extract_1,SUSPECTAUGMENT,SUSPECT,SUSPECTAUGMENT --> SUSPECT,SUSPECT_ID,SUSPECT_ID
531,IBM MDM,IBM MDM Physical Datamodel v11.3_extract_1,CONDITIONATTRIBUTE,TERMCONDITION,CONDITIONATTRIBUTE --> TERMCONDITION,CONDITION_ID,CONDITION_ID
532,IBM MDM,IBM MDM Physical Datamodel v11.3_extract_1,ENTITYCONDITIONREL,TERMCONDITION,ENTITYCONDITIONREL --> TERMCONDITION,CONDITION_ID,CONDITION_ID
533,IBM MDM,IBM MDM Physical Datamodel v11.3_extract_1,TERMCONDITIONNLS,TERMCONDITION,TERMCONDITIONNLS --> TERMCONDITION,CONDITION_ID,CONDITION_ID
534,IBM MDM,IBM MDM Physical Datamodel v11.3_extract_1,CLAIMROLE,USERTABLE,CLAIMROLE --> USERTABLE,CONT_ID,CONT_ID
535,IBM MDM,IBM MDM Physical Datamodel v11.3_extract_1,CONTACT,USERTABLE,CONTACT --> USERTABLE,CONT_ID,CONT_ID
536,IBM MDM,IBM MDM Physical Datamodel v11.3_extract_1,CONTACTCDC,USERTABLE,CONTACTCDC --> USERTABLE,CONT_ID,CONT_ID
537,IBM MDM,IBM MDM Physical Datamodel v11.3_extract_1,CONTACTDEMOGRAPHICS,USERTABLE,CONTACTDEMOGRAPHICS --> USERTABLE,CONT_ID,CONT_ID
538,IBM MDM,IBM MDM Physical Datamodel v11.3_extract_1,CONTEQUIV,USERTABLE,CONTEQUIV --> USERTABLE,CONT_ID,CONT_ID
539,IBM MDM,IBM MDM Physical Datamodel v11.3_extract_1,CONTMACROROLE,USERTABLE,CONTMACROROLE --> USERTABLE,CONT_ID,CONT_ID
540,IBM MDM,IBM MDM Physical Datamodel v11.3_extract_1,CONTRACTROLE,USERTABLE,CONTRACTROLE --> USERTABLE,CONT_ID,CONT_ID
541,IBM MDM,IBM MDM Physical Datamodel v11.3_extract_1,CONTSUMMARY,USERTABLE,CONTSUMMARY --> USERTABLE,CONT_ID,CONT_ID
542,IBM MDM,IBM MDM Physical Datamodel v11.3_extract_1,IDENTIFIER,USERTABLE,IDENTIFIER --> USERTABLE,CONT_ID,CONT_ID
543,IBM MDM,IBM MDM Physical Datamodel v11.3_extract_1,INACTIVATEDCONT,USERTABLE,INACTIVATEDCONT --> USERTABLE,CONT_ID,CONT_ID
544,IBM MDM,IBM MDM Physical Datamodel v11.3_extract_1,INCOMESOURCE,USERTABLE,INCOMESOURCE --> USERTABLE,CONT_ID,CONT_ID
545,IBM MDM,IBM MDM Physical Datamodel v11.3_extract_1,LOCATIONGROUP,USERTABLE,LOCATIONGROUP --> USERTABLE,CONT_ID,CONT_ID
546,IBM MDM,IBM MDM Physical Datamodel v11.3_extract_1,ORG,USERTABLE,ORG --> USERTABLE,CONT_ID,CONT_ID
547,IBM MDM,IBM MDM Physical Datamodel v11.3_extract_1,ORGNAME,USERTABLE,ORGNAME --> USERTABLE,CONT_ID,CONT_ID
548,IBM MDM,IBM MDM Physical Datamodel v11.3_extract_1,PAYMENTSOURCE,USERTABLE,PAYMENTSOURCE --> USERTABLE,CONT_ID,CONT_ID
549,IBM MDM,IBM MDM Physical Datamodel v11.3_extract_1,PERSON,USERTABLE,PERSON --> USERTABLE,CONT_ID,CONT_ID
550,IBM MDM,IBM MDM Physical Datamodel v11.3_extract_1,PERSONNAME,USERTABLE,PERSONNAME --> USERTABLE,CONT_ID,CONT_ID
551,IBM MDM,IBM MDM Physical Datamodel v11.3_extract_1,PERSONSEARCH,USERTABLE,PERSONSEARCH --> USERTABLE,CONT_ID,CONT_ID
552,IBM MDM,IBM MDM Physical Datamodel v11.3_extract_1,PRODUCTPARTYROLE,USERTABLE,PRODUCTPARTYROLE --> USERTABLE,CONT_ID,CONT_ID
553,IBM MDM,IBM MDM Physical Datamodel v11.3_extract_1,SUSPECT,USERTABLE,SUSPECT --> USERTABLE,CONT_ID,CONT_ID
554,IBM MDM,IBM MDM Physical Datamodel v11.3_extract_1,CONTRACTCOMPONENT,VEHICLE,CONTRACTCOMPONENT --> VEHICLE,HOLDING_ID,HOLDING_ID
555,IBM MDM,IBM MDM Physical Datamodel v11.3_extract_1,HOLDING,VEHICLE,HOLDING --> VEHICLE,HOLDING_ID,HOLDING_ID
556,IBM MDM,IBM MDM Physical Datamodel v11.3_extract_1,PROPERTY,VEHICLE,PROPERTY --> VEHICLE,HOLDING_ID,HOLDING_ID
